topic,label,description,proposition
1,Civil War Context,"The paragraphs discuss the context and causes of a civil war, the state of the nation, and the role of faith and providence in resolving differences.",The nation's security depends on its acknowledged dependence upon God and His overruling providence.
2,National Defense Commerce,"The paragraphs discuss the relationship between national defense, commerce, and the government's role in protecting and promoting the country's economy and security.",The government should prioritize protecting national commerce and industry through defense measures and policy.
3,Inauguration Gratitude,The paragraphs discuss the sentiments and acknowledgments expressed by an individual upon taking office.,The person taking office feels adequately prepared to discharge their duties.
4,Federal Power Limits,The paragraphs discuss the distribution and limits of power among different levels of government in the United States.,The Constitution clearly defines the limits of power for the general government and the states.
5,Government and Economy,"The paragraphs discuss the role of government and economy in ensuring the well-being of citizens, particularly the vulnerable, and addressing issues like poverty and inequality.",A great nation must care for the vulnerable and protect its people from life's worst hazards and misfortunes.
6,Global Unity and Freedom,"The paragraphs discuss the importance of unity and cooperation among free nations and peoples in achieving peace, freedom, and prosperity.","United, free nations can effectively safeguard their spiritual and cultural heritage."
7,American Renewal Story,"The paragraphs discuss the themes of American renewal, unity, and the country's story of progress and challenges.",America's story is one of continuous progress towards a more perfect union.
8,America's Global Role,"The paragraphs discuss America's values, its role in the world, and its relationships with other nations.",America should prioritize its relationships with other nations to promote peace and justice.
9,Foreign Policy Principles,The paragraphs discuss the principles and conduct of a nation's foreign policy and its relations with other nations.,A nation's foreign policy should prioritize cultivating friendly relations with all other nations.
10,Government Reform,"The paragraphs discuss the need for reform in various aspects of government, including civil service, law enforcement, and administration.",The government should adopt a merit-based system for appointments to office.
11,Separation of Powers,The paragraphs discuss the distribution and exercise of power among the different branches of government.,The Constitution intended for the Executive branch to play a significant role in the legislative process.
12,Presidential Inauguration Speeches,The paragraphs discuss inauguration ceremonies of US presidents.,Inauguration ceremonies celebrate the unity of the country.
