atom_id,Year,n_tokens,text
1789-Washington,1789,10,Fellow-Citizens of the Senate and of the House of Representatives:
1801-Jefferson,1801,4,Friends and Fellow Citizens:
1817-Monroe,1817,38,"Such, then, being the highly favored condition of our country, it is the interest of every citizen to maintain it. What are the dangers which menace us? If any exist they ought to be ascertained and guarded against."
1817-Monroe,1817,40,With the Indian tribes it is our duty to cultivate friendly relations and to act with kindness and liberality in all our transactions. Equally proper is it to persevere in our efforts to extend to them the advantages of civilization.
1829-Jackson,1829,51,"It will be my sincere and constant desire to observe toward the Indian tribes within our limits a just and liberal policy, and to give that humane and considerate attention to their rights and their wants which is consistent with the habits of our Government and the feelings of our people."
1833-Jackson,1833,59,So many events have occurred within the last four years which have necessarily called forth - sometimes under circumstances the most delicate and painful - my views of the principles and policy which ought to be pursued by the General Government that I need on this occasion but allude to a few leading considerations connected with some of them.
1837-VanBuren,1837,58,"In approaching, then, in the presence of my assembled countrymen, to make the solemn promise that yet remains, and to pledge myself that I will faithfully execute the office I am about to fill, I bring with me a settled purpose to maintain the institutions of my country, which I trust will atone for the errors I commit."
1845-Polk,1845,58,"Ours was intended to be a plain and frugal government, and I shall regard it to be my duty to recommend to Congress and, as far as the Executive is concerned, to enforce by all the means within my power the strictest economy in the expenditure of the public money which may be compatible with the public interests."
1849-Taylor,1849,38,"Elected by the American people to the highest office known to our laws, I appear here to take the oath prescribed by the Constitution, and, in compliance with a time-honored custom, to address those who are now assembled."
1849-Taylor,1849,50,"The appointing power vested in the President imposes delicate and onerous duties. So far as it is possible to be informed, I shall make honesty, capacity, and fidelity indispensable prerequisites to the bestowal of office, and the absence of either of these qualities shall be deemed sufficient cause for removal."
1853-Pierce,1853,39,"My Countrymen, It a relief to feel that no heart but my own can know the personal regret and bitter sorrow over which I have been borne to a position so suitable for others rather than desirable for myself."
1857-Buchanan,1857,44,"Fellow citizens, I appear before you this day to take the solemn oath ""that I will faithfully execute the office of President of the United States and will to the best of my ability preserve, protect, and defend the Constitution of the United States."""
1857-Buchanan,1857,25,But the squandering of the public money sinks into comparative insignificance as a temptation to corruption when compared with the squandering of the public lands.
1857-Buchanan,1857,24,"I shall now proceed to take the oath prescribed by the Constitution, whilst humbly invoking the blessing of Divine Providence on this great people."
1861-Lincoln,1861,55,"Fellow-Citizens of the United States: In compliance with a custom as old as the Government itself, I appear before you to address you briefly and to take in your presence the oath prescribed by the Constitution of the United States to be taken by the President ""before he enters on the execution of this office."""
1861-Lincoln,1861,25,I do not consider it necessary at present for me to discuss those matters of administration about which there is no special anxiety or excitement.
1861-Lincoln,1861,54,"It follows from these views that no State upon its own mere motion can lawfully get out of the Union; that resolves and ordinances to that effect are legally void, and that acts of violence within any State or States against the authority of the United States are insurrectionary or revolutionary, according to circumstances."
1869-Grant,1869,5,Citizens of the United States:
1877-Hayes,1877,52,The permanent pacification of the country upon such principles and by such measures as will secure the complete protection of all its citizens in the free enjoyment of all their constitutional rights is now the one subject in our public affairs which all thoughtful and patriotic citizens regard as of supreme importance.
1877-Hayes,1877,57,"Passing from these remarks upon the condition of our own country to consider our relations with other lands, we are reminded by the international complications abroad, threatening the peace of Europe, that our traditional rule of noninterference in the affairs of foreign nations has proved of great value in past times and ought to be strictly observed."
1881-Garfield,1881,1,Fellow-Citizens:
1889-Harrison,1889,38,Our pension laws should give more adequate and discriminating relief to the Union soldiers and sailors and to their widows and orphans. Such occasions as this should remind us that we owe everything to their valor and sacrifice.
1893-Cleveland,1893,50,"Closely related to the exaggerated confidence in our country's greatness which tends to a disregard of the rules of national safety, another danger confronts us not less serious. I refer to the prevalence of a popular disposition to expect from the operation of the Government especial and direct individual advantages."
1893-Cleveland,1893,54,"It is a plain dictate of honesty and good government that public expenditures should be limited by public necessity, and that this should be measured by the rules of strict economy; and it is equally clear that frugality among the people is the best guaranty of a contented and strong support of free institutions."
1893-Cleveland,1893,45,"Above all, I know there is a Supreme Being who rules the affairs of men and whose goodness and mercy have always followed the American people, and I know He will not turn from us now if we humbly and reverently seek His powerful aid."
1901-McKinley,1901,46,"Our diversified productions, however, are increasing in such unprecedented volume as to admonish us of the necessity of still further enlarging our foreign markets by broader commercial relations. For this purpose reciprocal trade arrangements with other nations should in liberal spirit be carefully cultivated and promoted."
1909-Taft,1909,56,"My fellow citizens: Anyone who has taken the oath I have just taken must feel a heavy weight of responsibility. If not, he has no conception of the powers and duties of the office upon which he is about to enter, or he is lacking in a proper sense of the obligation which the oath imposes."
1909-Taft,1909,58,"The work of formulating into practical shape such changes is creative word of the highest order, and requires all the deliberation possible in the interval. I believe that the amendments to be proposed are just as necessary in the protection of legitimate business as in the clinching of the reforms which properly bear the name of my predecessor."
1913-Wilson,1913,58,We have come now to the sober second thought. The scales of heedlessness have fallen from our eyes. We have made up our minds to square every process of our national life again with the standards we so proudly set up at the beginning and have always carried at our hearts. Our work is a work of restoration.
1921-Harding,1921,2,My Countrymen:
1921-Harding,1921,56,"I had rather submit our industrial controversies to the conference table in advance than to a settlement table after conflict and suffering. The earth is thirsting for the cup of good will, understanding is its fountain source. I would like to acclaim an era of good feeling amid dependable prosperity and all the blessings which attend."
1921-Harding,1921,47,"I have taken the solemn oath of office on that passage of Holy Writ wherein it is asked: ""What doth the Lord require of thee but to do justly, and to love mercy, and to walk humbly with thy God?"" This I plight to God and country."
1929-Hoover,1929,2,OUR PROGRESS
1929-Hoover,1929,31,To those of criminal mind there can be no appeal but vigorous enforcement of the law. Fortunately they are but a small percentage of our people. Their activities must be stopped.
1929-Hoover,1929,55,"There is an equally important field of cooperation by the Federal Government with the multitude of agencies, State, municipal and private, in the systematic development of those processes which directly affect public health, recreation, education, and the home. We have need further to perfect the means by which government can be adapted to human service."
1929-Hoover,1929,1,EDUCATION
1929-Hoover,1929,2,PARTY RESPONSIBILITIES
1929-Hoover,1929,1,CONCLUSION
1933-Roosevelt,1933,58,"Finally, in our progress toward a resumption of work we require two safeguards against a return of the evils of the old order; there must be a strict supervision of all banking and credits and investments; there must be an end to speculation with other people's money, and there must be provision for an adequate but sound currency."
1933-Roosevelt,1933,25,"With this pledge taken, I assume unhesitatingly the leadership of this great army of our people dedicated to a disciplined attack upon our common problems."
1937-Roosevelt,1937,58,"Four years of new experience have not belied our historic instinct. They hold out the clear hope that government within communities, government within the separate States, and government of the United States can do the things the times require, without yielding its democracy. Our tasks in the last four years did not force democracy to take a holiday."
1941-Roosevelt,1941,9,But we Americans know that this is not true.
1941-Roosevelt,1941,54,For action has been taken within the three-way framework of the Constitution of the United States. The coordinate branches of the Government continue freely to function. The Bill of Rights remains inviolate. The freedom of elections is wholly maintained. Prophets of the downfall of American democracy have seen their dire predictions come to naught.
1941-Roosevelt,1941,21,"It is a thing for which we find it difficult - even impossible - to hit upon a single, simple word."
1945-Roosevelt,1945,29,"Chief Justice, Mr. Vice President, my friends, you will understand and, I believe, agree with my wish that the form of this inauguration be simple and its words brief."
1945-Roosevelt,1945,39,We shall strive for perfection. We shall not achieve it immediately - but we still shall strive. We may make mistakes - but they must never be mistakes which result from faintness of heart or abandonment of moral principle.
1949-Truman,1949,8,From this faith we will not be moved.
1953-Eisenhower,1953,40,"My friends, before I begin the expression of those thoughts that I deem appropriate to this moment, would you permit me the privilege of uttering a little private prayer of my own. And I ask that you bow your heads:"
1957-Eisenhower,1957,4,The Price of Peace
1957-Eisenhower,1957,8,"We know clearly what we seek, and why."
1965-Johnson,1965,50,"My fellow countrymen, on this occasion, the oath I have taken before you and before God is not mine alone, but ours together. We are one nation and one people. Our fate as a nation and our future as a people rest not upon one citizen, but upon all citizens."
1965-Johnson,1965,10,This is the majesty and the meaning of this moment.
1965-Johnson,1965,3,Justice and Change
1965-Johnson,1965,3,Liberty and Change
1965-Johnson,1965,52,"Liberty was the second article of our covenant. It was self-government. It was our Bill of Rights. But it was more. America would be a place where each man could be proud to be himself: stretching his talents, rejoicing in his work, important in the life of his neighbors and his nation."
1965-Johnson,1965,37,"Change and the Union The third article was union. To those who were small and few against the wilderness, the success of liberty demanded the strength of union. Two centuries of change have made this true again."
1969-Nixon,1969,6,This is our summons to greatness.
1969-Nixon,1969,21,"Those who have been left out, we will try to bring in. Those left behind, we will help to catch up."
1969-Nixon,1969,11,The American dream does not come to those who fall asleep.
1969-Nixon,1969,54,"I have taken an oath today in the presence of God and my countrymen to uphold and defend the Constitution of the United States. To that oath I now add this sacred commitment: I shall consecrate my office, my energies, and all the wisdom I can summon, to the cause of peace among nations."
1969-Nixon,1969,10,Let this message be heard by strong and weak alike:
1973-Nixon,1973,25,"Mr. Vice President, Mr. Speaker, Mr. Chief Justice, Senator Cook, Mrs. Eisenhower, and my fellow citizens of this great and good country we share together:"
1973-Nixon,1973,32,"Let us go forward from here confident in hope, strong in our faith in one another, sustained by our faith in God who created us, and striving always to serve His purpose."
1977-Carter,1977,21,"For myself and for our Nation, I want to thank my predecessor for all he has done to heal our land."
1977-Carter,1977,42,"In this outward and physical ceremony we attest once again to the inner and spiritual strength of our Nation. As my high school teacher, Miss Julia Coleman, used to say: ""We must adjust to changing times and still hold to unchanging principles."""
1977-Carter,1977,51,"Two centuries ago our Nation's birth was a milestone in the long quest for freedom, but the bold and brilliant dream which excited the founders of this Nation still awaits its consummation. I have no new dream to set forth today, but rather urge a fresh faith in the old dream."
1985-Reagan,1985,47,"Senator Mathias, Chief Justice Burger, Vice President Bush, Speaker O'Neill, Senator Dole, Reverend Clergy, members of my family and friends, and my fellow citizens: This day has been made brighter with the presence here of one who, for a time, has been absent - Senator John Stennis."
1985-Reagan,1985,6,God bless you and welcome back.
1985-Reagan,1985,37,"There is, however, one who is not with us today: Representative Gillis Long of Louisiana left us last night. I wonder if we could all join in a moment of silent prayer. (Moment of silent prayer.) Amen."
1985-Reagan,1985,30,There are no words adequate to express my thanks for the great honor that you have bestowed on me. I will do my utmost to be deserving of your trust.
1985-Reagan,1985,37,"Our two-party system has served us well over the years, but never better than in those times of great challenge when we came together not as Democrats or Republicans, but as Americans united in a common cause."
1985-Reagan,1985,26,"My friends, we live in a world that is lit by lightning. So much is changing and will change, but so much endures, and transcends time."
1985-Reagan,1985,8,God bless you and may God bless America.
1989-Bush,1989,22,"Mr. Chief Justice, Mr. President, Vice President Quayle, Senator Mitchell, Speaker Wright, Senator Dole, Congressman Michael, and fellow citizens, neighbors, and friends:"
1989-Bush,1989,35,"We meet on democracy's front porch, a good place to talk as neighbors and as friends. For this is a day when our nation is made whole, when our differences, for a moment, are suspended."
1989-Bush,1989,35,"A President is neither prince nor pope, and I don't seek a window on men's souls. In fact, I yearn for a greater tolerance, an easy- goingness about each other's attitudes and way of life."
1989-Bush,1989,13,Thank you. God bless you and God bless the United States of America.
1993-Clinton,1993,7,"Thank you, and God bless you all."
2001-Bush,2001,44,"We do not accept this, and we will not allow it. Our unity, our union, is the serious work of leaders and citizens in every generation. And this is my solemn pledge: I will work to build a single nation of justice and opportunity."
2001-Bush,2001,39,"We will reform Social Security and Medicare, sparing our children from struggles we have the power to prevent. And we will reduce taxes, to recover the momentum of our economy and reward the effort and enterprise of working Americans."
2001-Bush,2001,31,"And whatever our views of its cause, we can agree that children at risk are not at fault. Abandonment and abuse are not acts of God, they are failures of love."
2001-Bush,2001,28,"And I can pledge our nation to a goal: When we see that wounded traveler on the road to Jericho, we will not pass to the other side."
2001-Bush,2001,39,"I will live and lead by these principles: to advance my convictions with civility, to pursue the public interest with courage, to speak for greater justice and compassion, to call for responsibility and try to live it as well."
2001-Bush,2001,19,This work continues. This story goes on. And an angel still rides in the whirlwind and directs this storm.
2001-Bush,2001,8,"God bless you all, and God bless America."
2005-Bush,2005,53,"From the perspective of a single day, including this day of dedication, the issues and questions before our country are many. From the viewpoint of centuries, the questions that come to us are narrowed and few: Did our generation advance the cause of freedom? And did our character bring credit to that cause?"
2005-Bush,2005,14,"May God bless you, and may He watch over the United States of America."
2009-Obama,2009,41,"Today I say to you that the challenges we face are real. They are serious and they are many. They will not be met easily or in a short span of time. But know this, America - they will be met."
2009-Obama,2009,55,"Now, there are some who question the scale of our ambitions - who suggest that our system cannot tolerate too many big plans. Their memories are short. For they have forgotten what this country has already done; what free men and women can achieve when imagination is joined to common purpose, and necessity to courage."
2009-Obama,2009,9,This is the price and the promise of citizenship.
2009-Obama,2009,20,This is the source of our confidence - the knowledge that God calls on us to shape an uncertain destiny.
2009-Obama,2009,13,Thank you. God bless you. And God bless the United States of America.
2013-Obama,2013,38,"Through blood drawn by lash and blood drawn by sword, we learned that no union founded on the principles of liberty and equality could survive half-slave and half-free. We made ourselves anew, and vowed to move forward together."
2013-Obama,2013,53,"We will defend our people and uphold our values through strength of arms and rule of law. We will show the courage to try and resolve our differences with other nations peacefully - not because we are naive about the dangers we face, but because engagement can more durably lift suspicion and fear."
2017-Trump,2017,20,"Chief Justice Roberts, President Carter, President Clinton, President Bush, President Obama, fellow Americans, and people of the world: thank you."
2017-Trump,2017,46,"For too long, a small group in our nation's Capital has reaped the rewards of government while the people have borne the cost. Washington flourished - but the people did not share in its wealth. Politicians prospered - but the jobs left, and the factories closed."
2017-Trump,2017,6,Everyone is listening to you now.
2017-Trump,2017,24,You came by the tens of millions to become part of a historic movement the likes of which the world has never seen before.
2017-Trump,2017,18,At the center of this movement is a crucial conviction: that a nation exists to serve its citizens.
2017-Trump,2017,17,"Americans want great schools for their children, safe neighborhoods for their families, and good jobs for themselves."
2017-Trump,2017,13,These are just and reasonable demands of righteous people and a righteous public.
2017-Trump,2017,10,This American carnage stops right here and stops right now.
2017-Trump,2017,33,"We are one nation - and their pain is our pain. Their dreams are our dreams; and their success will be our success. We share one heart, one home, and one glorious destiny."
2017-Trump,2017,15,The oath of office I take today is an oath of allegiance to all Americans.
2017-Trump,2017,6,You will never be ignored again.
2021-Biden,2021,21,"Chief Justice Roberts, Vice President Harris, Speaker Pelosi, Leader Schumer, Leader McConnell, Vice President Pence, distinguished guests, and my fellow Americans."
2021-Biden,2021,14,This is America's day. This is democracy's day. A day of history and hope.
2021-Biden,2021,20,I thank my predecessors of both parties for their presence here. I thank them from the bottom of my heart.
2021-Biden,2021,13,You know the resilience of our Constitution and the strength of our nation.
2021-Biden,2021,26,"As does President Carter, who I spoke to last night but who cannot be with us today, but whom we salute for his lifetime of service."
2021-Biden,2021,20,I have just taken the sacred oath each of these patriots took — an oath first sworn by George Washington.
2021-Biden,2021,21,"But the American story depends not on any one of us, not on some of us, but on all of us."
2021-Biden,2021,10,"On ""We the People"" who seek a more perfect Union."
2021-Biden,2021,2,Unity. Unity.
2021-Biden,2021,46,"In another January in Washington, on New Year's Day 1863, Abraham Lincoln signed the Emancipation Proclamation. When he put pen to paper, the President said, ""If my name ever goes down into history it will be for this act and my whole soul is in it."""
2021-Biden,2021,6,My whole soul is in it.
2021-Biden,2021,11,"Today, on this January day, my whole soul is in this:"
2021-Biden,2021,28,Bringing America together. Uniting our people. And uniting our nation. I ask every American to join me in this cause. Uniting to fight the common foes we face:
2021-Biden,2021,3,"Anger, resentment, hatred."
2021-Biden,2021,6,"Extremism, lawlessness, violence. Disease, joblessness, hopelessness."
2021-Biden,2021,9,With unity we can do great things. Important things.
2021-Biden,2021,5,"No progress, only exhausting outrage."
2021-Biden,2021,7,"No nation, only a state of chaos."
2021-Biden,2021,3,Just look around.
2021-Biden,2021,25,"Here we stand, in the shadow of a Capitol dome that was completed amid the Civil War, when the Union itself hung in the balance."
2021-Biden,2021,6,Yet we endured and we prevailed.
2021-Biden,2021,16,Here we stand looking out to the great Mall where Dr. King spoke of his dream.
2021-Biden,2021,46,"Here we stand, where 108 years ago at another inaugural, thousands of protestors tried to block brave women from marching for the right to vote. Today, we mark the swearing-in of the first woman in American history elected to national office – Vice President Kamala Harris."
2021-Biden,2021,6,Don't tell me things can't change.
2021-Biden,2021,24,"Here we stand across the Potomac from Arlington National Cemetery, where heroes who gave the last full measure of devotion rest in eternal peace."
2021-Biden,2021,37,"And here we stand, just days after a riotous mob thought they could use violence to silence the will of the people, to stop the work of our democracy, and to drive us from this sacred ground."
2021-Biden,2021,5,The world is watching today.
2021-Biden,2021,34,So here is my message to those beyond our borders: America has been tested and we have come out stronger for it. We will repair our alliances and engage with the world once again.
2021-Biden,2021,9,We face an attack on democracy and on truth.
2021-Biden,2021,3,A raging virus.
2021-Biden,2021,2,Growing inequity.
2021-Biden,2021,5,The sting of systemic racism.
2021-Biden,2021,4,A climate in crisis.
2021-Biden,2021,5,America's role in the world.
2021-Biden,2021,6,Will we rise to the occasion?
2021-Biden,2021,8,Will we master this rare and difficult hour?
2021-Biden,2021,39,"Will we meet our obligations and pass along a new and better world for our children? I believe we must and I believe we will. And when we do, we will write the next chapter in the American story."
2021-Biden,2021,16,It's a story that might sound something like a song that means a lot to me.
2021-Biden,2021,13,"It's called ""American Anthem"" and there is one verse stands out for me:"
2021-Biden,2021,12,"""The work and prayers of centuries have brought us to this day"
2021-Biden,2021,10,What shall be our legacy? What will our children say?…
2021-Biden,2021,6,Let me know in my heart
2021-Biden,2021,5,When my days are through
2021-Biden,2021,2,America America
2021-Biden,2021,6,"I gave my best to you."""
2021-Biden,2021,15,Let us add our own work and prayers to the unfolding story of our nation.
2021-Biden,2021,24,If we do this then when our days are through our children and our children's children will say of us they gave their best.
2021-Biden,2021,4,They did their duty.
2021-Biden,2021,5,They healed a broken land.
2021-Biden,2021,24,"My fellow Americans, I close today where I began, with a sacred oath. Before God and all of you I give you my word."
2021-Biden,2021,6,I will always level with you.
2021-Biden,2021,50,"I will defend the Constitution. I will defend our democracy. I will defend America. I will give my all in your service thinking not of power, but of possibilities. Not of personal interest, but of the public good. And together, we shall write an American story of hope, not fear."
2025-Trump,2025,28,"We have a public health system that does not deliver in times of disaster, yet more money is spent on it than any country anywhere in the world."
2025-Trump,2025,8,Thank you. Thank you. Thank you very much.
2025-Trump,2025,37,"Today is Martin Luther King Day. And his honor — this will be a great honor. But in his honor, we will strive together to make his dream a reality. We will make his dream come true."
2025-Trump,2025,6,Thank you. Thank you. Thank you.
2025-Trump,2025,33,"With my actions today, we will end the Green New Deal, and we will revoke the electric vehicle mandate, saving our auto industry and keeping my sacred pledge to our great American autoworkers."
2025-Trump,2025,13,"In other words, you’ll be able to buy the car of your choice."
2025-Trump,2025,34,"After years and years of illegal and unconstitutional federal efforts to restrict free expression, I also will sign an executive order to immediately stop all government censorship and bring back free speech to America."
2025-Trump,2025,27,"I’m pleased to say that as of yesterday, one day before I assumed office, the hostages in the Middle East are coming back home to their families."
2025-Trump,2025,2,Thank you.
2025-Trump,2025,25,"America will reclaim its rightful place as the greatest, most powerful, most respected nation on earth, inspiring the awe and admiration of the entire world."
2025-Trump,2025,55,"Many people thought it was impossible for me to stage such a historic political comeback. But as you see today, here I am. The American people have spoken. I stand before you now as proof that you should never believe that something is impossible to do. In America, the impossible is what we do best."
2025-Trump,2025,8,Thank you. Thank you. Thank you. Thank you.
2025-Trump,2025,56,"We will stand bravely, we will live proudly, we will dream boldly, and nothing will stand in our way because we are Americans. The future is ours, and our golden age has just begun. Thank you. God bless America. Thank you all. Thank you. Thank you very much. Thank you very much. Thank you. Thank you."
