para_uid,topic,topic_label,topic_description,proposition,text,human_label,coder_notes
1989-Bush-14,1,National Restoration,These paragraphs are about a national effort to restore and rebuild after a period of failure and decline.,The government should prioritize national rebuilding efforts over other policy initiatives.,"America is never wholly herself unless she is engaged in high moral principle. We as a people have such a purpose today. It is to make kinder the face of the Nation and gentler the face of the world. My friends, we have work to do. There are the homeless, lost and roaming. There are the children who have nothing, no love, no normalcy. There are those who cannot free themselves of enslavement to whatever addiction - drugs, welfare, the demoralization that rules the slums. There is crime to be conquered, the rough crime of the streets. There are young women to be helped who are about to become mothers of children they can't care for and might not love. They need our care, our guidance, and our education, though we bless them for choosing life.",NA,NA
2001-Bush-46,1,National Restoration,These paragraphs are about a national effort to restore and rebuild after a period of failure and decline.,The government should prioritize national rebuilding efforts over other policy initiatives.,"We are not this story's author, who fills time and eternity with his purpose. Yet his purpose is achieved in our duty, and our duty is fulfilled in service to one another.",NA,NA
1917-Wilson-16,1,National Restoration,These paragraphs are about a national effort to restore and rebuild after a period of failure and decline.,The government should prioritize national rebuilding efforts over other policy initiatives.,"United alike in the conception of our duty and in the high resolve to perform it in the face of all men, let us dedicate ourselves to the great task to which we must now set our hand. For myself I beg your tolerance, your countenance and your united aid.",NA,NA
1921-Harding-24,1,National Restoration,These paragraphs are about a national effort to restore and rebuild after a period of failure and decline.,The government should prioritize national rebuilding efforts over other policy initiatives.,"With the nation-wide induction of womanhood into our political life, we may count upon her intuitions, her refinements, her intelligence, and her influence to exalt the social order. We count upon her exercise of the full privileges and the performance of the duties of citizenship to speed the attainment of the highest state.",NA,NA
1981-Reagan-28,1,National Restoration,These paragraphs are about a national effort to restore and rebuild after a period of failure and decline.,The government should prioritize national rebuilding efforts over other policy initiatives.,"Our forbearance should never be misunderstood. Our reluctance for conflict should not be misjudged as a failure of will. When action is required to preserve our national security, we will act. We will maintain sufficient strength to prevail if need be, knowing that if we do so we have the best chance of never having to use that strength.",NA,NA
1917-Wilson-14,1,National Restoration,These paragraphs are about a national effort to restore and rebuild after a period of failure and decline.,The government should prioritize national rebuilding efforts over other policy initiatives.,"I know now what the task means. I realize to the full the responsibility which it involves. I pray God I may be given the wisdom and the prudence to do my duty in the true spirit of this great people. I am their servant and can succeed only as they sustain and guide me by their confidence and their counsel. The thing I shall count upon, the thing without which neither counsel nor action will avail, is the unity of America - an America united in feeling, in purpose and in its vision of duty, of opportunity and of service.",NA,NA
1929-Hoover-10,1,National Restoration,These paragraphs are about a national effort to restore and rebuild after a period of failure and decline.,The government should prioritize national rebuilding efforts over other policy initiatives.,"We are fortunate in the ability and integrity of our Federal judges and attorneys. But the system which these officers are called upon to administer is in many respects ill adapted to present-day conditions. Its intricate and involved rules of procedure have become the refuge of both big and little criminals. There is a belief abroad that by invoking technicalities, subterfuge, and delay, the ends of justice may be thwarted by those who can pay the cost.",NA,NA
1881-Garfield-04,1,National Restoration,These paragraphs are about a national effort to restore and rebuild after a period of failure and decline.,The government should prioritize national rebuilding efforts over other policy initiatives.,"We can not overestimate the fervent love of liberty, the intelligent courage, and the sum of common sense with which our fathers made the great experiment of self-government. When they found, after a short trial, that the confederacy of States, was too weak to meet the necessities of a vigorous and expanding republic, they boldly set it aside, and in its stead established a National Union, founded directly upon the will of the people, endowed with full power of self-preservation and ample authority for the accomplishment of its great object.",NA,NA
1913-Wilson-06,1,National Restoration,These paragraphs are about a national effort to restore and rebuild after a period of failure and decline.,The government should prioritize national rebuilding efforts over other policy initiatives.,We have come now to the sober second thought. The scales of heedlessness have fallen from our eyes. We have made up our minds to square every process of our national life again with the standards we so proudly set up at the beginning and have always carried at our hearts. Our work is a work of restoration.,NA,NA
1921-Harding-21,1,National Restoration,These paragraphs are about a national effort to restore and rebuild after a period of failure and decline.,The government should prioritize national rebuilding efforts over other policy initiatives.,"The business world reflects the disturbance of war's reaction. Herein flows the lifeblood of material existence. The economic mechanism is intricate and its parts interdependent, and has suffered the shocks and jars incident to abnormal demands, credit inflations, and price upheavals. The normal balances have been impaired, the channels of distribution have been clogged, the relations of labor and management have been strained. We must seek the readjustment with care and courage. Our people must give and take. Prices must reflect the receding fever of war activities. Perhaps we never shall know the old levels of wages again, because war invariably readjusts compensations, and the necessaries of life will show their inseparable relationship, but we must strive for normalcy to reach stability. All the penalties will not be light, nor evenly distributed. There is no way of making them so. There is no instant step from disorder to order. We must face a condition of grim reality, charge off our losses and start afresh. It is the oldest lesson of civilization. I would like government to do all it can to mitigate; then, in understanding, in mutuality of interest, in concern for the common good, our tasks will be solved. No altered system will work a miracle. Any wild experiment will only add to the confusion. Our best assurance lies in efficient administration of our proven system.",NA,NA
1933-Roosevelt-10,1,National Restoration,These paragraphs are about a national effort to restore and rebuild after a period of failure and decline.,The government should prioritize national rebuilding efforts over other policy initiatives.,"Our greatest primary task is to put people to work. This is no unsolvable problem if we face it wisely and courageously. It can be accomplished in part by direct recruiting by the Government itself, treating the task as we would treat the emergency of a war, but at the same time, through this employment, accomplishing greatly needed projects to stimulate and reorganize the use of our natural resources.",NA,NA
1969-Nixon-15,1,National Restoration,These paragraphs are about a national effort to restore and rebuild after a period of failure and decline.,The government should prioritize national rebuilding efforts over other policy initiatives.,"To match the magnitude of our tasks, we need the energies of our people - enlisted not only in grand enterprises, but more importantly in those small, splendid efforts that make headlines in the neighborhood newspaper instead of the national journal. With these, we can build a great cathedral of the spirit - each of us raising it one stone at a time, as he reaches out to his neighbor, helping, caring, doing.",NA,NA
1893-Cleveland-12,1,National Restoration,These paragraphs are about a national effort to restore and rebuild after a period of failure and decline.,The government should prioritize national rebuilding efforts over other policy initiatives.,"The acceptance of this principle leads to a refusal of bounties and subsidies, which burden the labor and thrift of a portion of our citizens to aid ill-advised or languishing enterprises in which they have no concern. It leads also to a challenge of wild and reckless pension expenditure, which overleaps the bounds of grateful recognition of patriotic service and prostitutes to vicious uses the people's prompt and generous impulse to aid those disabled in their country's defense.",NA,NA
1949-Truman-05,1,National Restoration,These paragraphs are about a national effort to restore and rebuild after a period of failure and decline.,The government should prioritize national rebuilding efforts over other policy initiatives.,"The peoples of the earth face the future with grave uncertainty, composed almost equally of great hopes and great fears. In this time of doubt, they look to the United States as never before for good will, strength, and wise leadership. It is fitting, therefore, that we take this occasion to proclaim to the world the essential principles of the faith by which we live, and to declare our aims to all peoples.",NA,NA
1885-Cleveland-07,1,National Restoration,These paragraphs are about a national effort to restore and rebuild after a period of failure and decline.,The government should prioritize national rebuilding efforts over other policy initiatives.,"By the Father of his Country our Constitution was commended for adoption as ""the result of a spirit of amity and mutual concession."" In that same spirit it should be administered, in order to promote the lasting welfare of the country and to secure the full measure of its priceless benefits to us and to those who will succeed to the blessings of our national life. The large variety of diverse and competing interests subject to Federal control, persistently seeking the recognition of their claims, need give us no fear that ""the greatest good to the greatest number"" will fail to be accomplished if in the halls of national legislation that spirit of amity and mutual concession shall prevail in which the Constitution had its birth. If this involves the surrender or postponement of private interests and the abandonment of local advantages, compensation will be found in the assurance that the common interest is subserved and the general welfare advanced.",NA,NA
1933-Roosevelt-04,1,National Restoration,These paragraphs are about a national effort to restore and rebuild after a period of failure and decline.,The government should prioritize national rebuilding efforts over other policy initiatives.,"Yet our distress comes from no failure of substance. We are stricken by no plague of locusts. Compared with the perils which our forefathers conquered because they believed and were not afraid, we have still much to be thankful for. Nature still offers her bounty and human efforts have multiplied it. Plenty is at our doorstep, but a generous use of it languishes in the very sight of the supply. Primarily this is because the rulers of the exchange of mankind's goods have failed, through their own stubbornness and their own incompetence, have admitted their failure, and abdicated. Practices of the unscrupulous money changers stand indicted in the court of public opinion, rejected by the hearts and minds of men.",NA,NA
1893-Cleveland-10,1,National Restoration,These paragraphs are about a national effort to restore and rebuild after a period of failure and decline.,The government should prioritize national rebuilding efforts over other policy initiatives.,The verdict of our voters which condemned the injustice of maintaining protection for protection's sake enjoins upon the people's servants the duty of exposing and destroying the brood of kindred evils which are the unwholesome progeny of paternalism. This is the bane of republican institutions and the constant peril of our government by the people. It degrades to the purposes of wily craft the plan of rule our fathers established and bequeathed to us as an object of our love and veneration. It perverts the patriotic sentiments of our countrymen and tempts them to pitiful calculation of the sordid gain to be derived from their Government's maintenance. It undermines the self-reliance of our people and substitutes in its place dependence upon governmental favoritism. It stifles the spirit of true Americanism and stupefies every ennobling trait of American citizenship.,NA,NA
1917-Wilson-05,1,National Restoration,These paragraphs are about a national effort to restore and rebuild after a period of failure and decline.,The government should prioritize national rebuilding efforts over other policy initiatives.,"And yet all the while we have been conscious that we were not part of it. In that consciousness, despite many divisions, we have drawn closer together. We have been deeply wronged upon the seas, but we have not wished to wrong or injure in return; have retained throughout the consciousness of standing in some sort apart, intent upon an interest that transcended the immediate issues of the war itself.",NA,NA
1889-Harrison-12,1,National Restoration,These paragraphs are about a national effort to restore and rebuild after a period of failure and decline.,The government should prioritize national rebuilding efforts over other policy initiatives.,"Shall the prejudices and paralysis of slavery continue to hang upon the skirts of progress? How long will those who rejoice that slavery no longer exists cherish or tolerate the incapacities it put upon their communities? I look hopefully to the continuance of our protective system and to the consequent development of manufacturing and mining enterprises in the States hitherto wholly given to agriculture as a potent influence in the perfect unification of our people. The men who have invested their capital in these enterprises, the farmers who have felt the benefit of their neighborhood, and the men who work in shop or field will not fail to find and to defend a community of interest.",NA,NA
1933-Roosevelt-06,1,National Restoration,These paragraphs are about a national effort to restore and rebuild after a period of failure and decline.,The government should prioritize national rebuilding efforts over other policy initiatives.,The money changers have fled from their high seats in the temple of our civilization. We may now restore that temple to the ancient truths. The measure of the restoration lies in the extent to which we apply social values more noble than mere monetary profit.,NA,NA
2005-Bush-21,1,National Restoration,These paragraphs are about a national effort to restore and rebuild after a period of failure and decline.,The government should prioritize national rebuilding efforts over other policy initiatives.,"In America's ideal of freedom, the public interest depends on private character, on integrity and tolerance toward others and the rule of conscience in our own lives. Self-government relies, in the end, on the governing of the self. That edifice of character is built in families, supported by communities with standards, and sustained in our national life by the truths of Sinai, the Sermon on the Mount, the words of the Koran, and the varied faiths of our people. Americans move forward in every generation by reaffirming all that is good and true that came before, ideals of justice and conduct that are the same yesterday, today, and forever.",NA,NA
1917-Wilson-07,1,National Restoration,These paragraphs are about a national effort to restore and rebuild after a period of failure and decline.,The government should prioritize national rebuilding efforts over other policy initiatives.,"It is in this spirit and with this thought that we have grown more and more aware, more and more certain that the part we wished to play was the part of those who mean to vindicate and fortify peace. We have been obliged to arm ourselves to make good our claim to a certain minimum of right and of freedom of action. We stand firm in armed neutrality since it seems that in no other way we can demonstrate what it is we insist upon and cannot forget. We may even be drawn on, by circumstances, not by our own purpose or desire, to a more active assertion of our rights as we see them and a more immediate association with the great struggle itself. But nothing will alter our thought or our purpose. They are too clear to be obscured. They are too deeply rooted in the principles of our national life to be altered. We desire neither conquest nor advantage. We wish nothing that can be had only at the cost of another people. We always professed unselfish purpose and we covet the opportunity to prove our professions are sincere.",NA,NA
1965-Johnson-16,1,National Restoration,These paragraphs are about a national effort to restore and rebuild after a period of failure and decline.,The government should prioritize national rebuilding efforts over other policy initiatives.,This has become more difficult in a world where change and growth seem to tower beyond the control and even the judgment of men. We must work to provide the knowledge and the surroundings which can enlarge the possibilities of every citizen.,NA,NA
1861-Lincoln-24,1,National Restoration,These paragraphs are about a national effort to restore and rebuild after a period of failure and decline.,The government should prioritize national rebuilding efforts over other policy initiatives.,"Before entering upon so grave a matter as the destruction of our national fabric, with all its benefits, its memories, and its hopes, would it not be wise to ascertain precisely why we do it? Will you hazard so desperate a step while there is any possibility that any portion of the ills you fly from have no real existence? Will you, while the certain ills you fly to are greater than all the real ones you fly from, will you risk the commission of so fearful a mistake?",NA,NA
1921-Harding-18,1,National Restoration,These paragraphs are about a national effort to restore and rebuild after a period of failure and decline.,The government should prioritize national rebuilding efforts over other policy initiatives.,"Out of such universal service will come a new unity of spirit and purpose, a new confidence and consecration, which would make our defense impregnable, our triumph assured. Then we should have little or no disorganization of our economic, industrial, and commercial systems at home, no staggering war debts, no swollen fortunes to flout the sacrifices of our soldiers, no excuse for sedition, no pitiable slackerism, no outrage of treason. Envy and jealousy would have no soil for their menacing development, and revolution would be without the passion which engenders it.",NA,NA
1933-Roosevelt-16,1,National Restoration,These paragraphs are about a national effort to restore and rebuild after a period of failure and decline.,The government should prioritize national rebuilding efforts over other policy initiatives.,"In the field of world policy I would dedicate this Nation to the policy of the good neighbor - the neighbor who resolutely respects himself and, because he does so, respects the rights of others - the neighbor who respects his obligations and respects the sanctity of his agreements in and with a world of neighbors.",NA,NA
1881-Garfield-19,1,National Restoration,These paragraphs are about a national effort to restore and rebuild after a period of failure and decline.,The government should prioritize national rebuilding efforts over other policy initiatives.,The census has already sounded the alarm in the appalling figures which mark how dangerously high the tide of illiteracy has risen among our voters and their children.,NA,NA
1937-Roosevelt-04,1,National Restoration,These paragraphs are about a national effort to restore and rebuild after a period of failure and decline.,The government should prioritize national rebuilding efforts over other policy initiatives.,In this we Americans were discovering no wholly new truth; we were writing a new chapter in our book of self-government.,NA,NA
2013-Obama-25,1,National Restoration,These paragraphs are about a national effort to restore and rebuild after a period of failure and decline.,The government should prioritize national rebuilding efforts over other policy initiatives.,"For now decisions are upon us and we cannot afford delay. We cannot mistake absolutism for principle or substitute spectacle for politics or treat name-calling as reasoned debate. We must act, knowing that our work will be imperfect. We must act, we must act knowing that today's victories will be only partial and that it will be up to those who stand here in 4 years and 40 years and 400 years hence to advance the timeless spirit once conferred to us in a spare Philadelphia hall.",NA,NA
2009-Obama-29,1,National Restoration,These paragraphs are about a national effort to restore and rebuild after a period of failure and decline.,The government should prioritize national rebuilding efforts over other policy initiatives.,"Our challenges may be new. The instruments with which we meet them may be new. But those values upon which our success depends - honesty and hard work, courage and fair play, tolerance and curiosity, loyalty and patriotism - these things are old. These things are true. They have been the quiet force of progress throughout our history. What is demanded then is a return to these truths. What is required of us now is a new era of responsibility - a recognition, on the part of every American, that we have duties to ourselves, our nation, and the world, duties that we do not grudgingly accept but rather seize gladly, firm in the knowledge that there is nothing so satisfying to the spirit, so defining of our character, than giving our all to a difficult task.",NA,NA
2025-Trump-31,1,National Restoration,These paragraphs are about a national effort to restore and rebuild after a period of failure and decline.,The government should prioritize national rebuilding efforts over other policy initiatives.,"First, I will declare a national emergency at our southern border.",NA,NA
1941-Roosevelt-09,1,National Restoration,These paragraphs are about a national effort to restore and rebuild after a period of failure and decline.,The government should prioritize national rebuilding efforts over other policy initiatives.,Democracy is not dying. We know it because we have seen it revive - and grow. We know it cannot die - because it is built on the unhampered initiative of individual men and women joined together in a common enterprise - an enterprise undertaken and carried through by the free expression of a free majority.,NA,NA
1937-Roosevelt-31,1,National Restoration,These paragraphs are about a national effort to restore and rebuild after a period of failure and decline.,The government should prioritize national rebuilding efforts over other policy initiatives.,"Overwhelmingly, we of the Republic are men and women of good will; men and women who have more than warm hearts of dedication; men and women who have cool heads and willing hands of practical purpose as well. They will insist that every agency of popular government use effective instruments to carry out their will.",NA,NA
1909-Taft-31,1,National Restoration,These paragraphs are about a national effort to restore and rebuild after a period of failure and decline.,The government should prioritize national rebuilding efforts over other policy initiatives.,"Some type of canal must be constructed. The lock type has been selected. We are all in favor of having it built as promptly as possible. We must not now, therefore, keep up a fire in the rear of the agents whom we have authorized to do our work on the Isthmus. We must hold up their hands, and speaking for the incoming administration I wish to say that I propose to devote all the energy possible and under my control to pushing of this work on the plans which have been adopted, and to stand behind the men who are doing faithful, hard work to bring about the early completion of this, the greatest constructive enterprise of modern times.",NA,NA
1933-Roosevelt-24,1,National Restoration,These paragraphs are about a national effort to restore and rebuild after a period of failure and decline.,The government should prioritize national rebuilding efforts over other policy initiatives.,We face the arduous days that lie before us in the warm courage of the national unity; with the clear consciousness of seeking old and precious moral values; with the clean satisfaction that comes from the stern performance of duty by old and young alike. We aim at the assurance of a rounded and permanent national life.,NA,NA
1929-Hoover-17,1,National Restoration,These paragraphs are about a national effort to restore and rebuild after a period of failure and decline.,The government should prioritize national rebuilding efforts over other policy initiatives.,A NATIONAL INVESTIGATION,NA,NA
1913-Wilson-04,1,National Restoration,These paragraphs are about a national effort to restore and rebuild after a period of failure and decline.,The government should prioritize national rebuilding efforts over other policy initiatives.,"But the evil has come with the good, and much fine gold has been corroded. With riches has come inexcusable waste. We have squandered a great part of what we might have used, and have not stopped to conserve the exceeding bounty of nature, without which our genius for enterprise would have been worthless and impotent, scorning to be careful, shamefully prodigal as well as admirably efficient. We have been proud of our industrial achievements, but we have not hitherto stopped thoughtfully enough to count the human cost, the cost of lives snuffed out, of energies overtaxed and broken, the fearful physical and spiritual cost to the men and women and children upon whom the dead weight and burden of it all has fallen pitilessly the years through. The groans and agony of it all had not yet reached our ears, the solemn, moving undertone of our life, coming up out of the mines and factories, and out of every home where the struggle had its intimate and familiar seat. With the great Government went many deep secret things which we too long delayed to look into and scrutinize with candid, fearless eyes. The great Government we loved has too often been made use of for private and selfish purposes, and those who used it had forgotten the people.",NA,NA
1937-Roosevelt-20,1,National Restoration,These paragraphs are about a national effort to restore and rebuild after a period of failure and decline.,The government should prioritize national rebuilding efforts over other policy initiatives.,"To hold to progress today, however, is more difficult. Dulled conscience, irresponsibility, and ruthless self-interest already reappear. Such symptoms of prosperity may become portents of disaster! Prosperity already tests the persistence of our progressive purpose.",NA,NA
1893-Cleveland-09,1,National Restoration,These paragraphs are about a national effort to restore and rebuild after a period of failure and decline.,The government should prioritize national rebuilding efforts over other policy initiatives.,"Closely related to the exaggerated confidence in our country's greatness which tends to a disregard of the rules of national safety, another danger confronts us not less serious. I refer to the prevalence of a popular disposition to expect from the operation of the Government especial and direct individual advantages.",NA,NA
1945-Roosevelt-14,1,National Restoration,These paragraphs are about a national effort to restore and rebuild after a period of failure and decline.,The government should prioritize national rebuilding efforts over other policy initiatives.,"We can gain no lasting peace if we approach it with suspicion and mistrust or with fear. We can gain it only if we proceed with the understanding, the confidence, and the courage which flow from conviction.",NA,NA
1881-Garfield-24,1,National Restoration,These paragraphs are about a national effort to restore and rebuild after a period of failure and decline.,The government should prioritize national rebuilding efforts over other policy initiatives.,"Enterprises of the highest importance to our moral and material well-being unite us and offer ample employment of our best powers. Let all our people, leaving behind them the battlefields of dead issues, move forward and in their strength of liberty and the restored Union win the grander victories of peace.",NA,NA
1933-Roosevelt-18,1,National Restoration,These paragraphs are about a national effort to restore and rebuild after a period of failure and decline.,The government should prioritize national rebuilding efforts over other policy initiatives.,"With this pledge taken, I assume unhesitatingly the leadership of this great army of our people dedicated to a disciplined attack upon our common problems.",NA,NA
1953-Eisenhower-22,1,National Restoration,These paragraphs are about a national effort to restore and rebuild after a period of failure and decline.,The government should prioritize national rebuilding efforts over other policy initiatives.,Freedom is pitted against slavery; lightness against the dark.,NA,NA
1941-Roosevelt-19,1,National Restoration,These paragraphs are about a national effort to restore and rebuild after a period of failure and decline.,The government should prioritize national rebuilding efforts over other policy initiatives.,"Without the body and the mind, as all men know, the Nation could not live. But if the spirit of America were killed, even though the Nation's body and mind, constricted in an alien world, lived on, the America we know would have perished.",NA,NA
1937-Roosevelt-13,1,National Restoration,These paragraphs are about a national effort to restore and rebuild after a period of failure and decline.,The government should prioritize national rebuilding efforts over other policy initiatives.,In this process evil things formerly accepted will not be so easily condoned. Hard-headedness will not so easily excuse hardheartedness. We are moving toward an era of good feeling. But we realize that there can be no era of good feeling save among men of good will.,NA,NA
1925-Coolidge-15,1,National Restoration,These paragraphs are about a national effort to restore and rebuild after a period of failure and decline.,The government should prioritize national rebuilding efforts over other policy initiatives.,"When we turn from what was rejected to inquire what was accepted, the policy that stands out with the greatest clearness is that of economy in public expenditure with reduction and reform of taxation. The principle involved in this effort is that of conservation. The resources of this country are almost beyond computation. No mind can comprehend them. But the cost of our combined governments is likewise almost beyond definition. Not only those who are now making their tax returns, but those who meet the enhanced cost of existence in their monthly bills, know by hard experience what this great burden is and what it does. No matter what others may want, these people want a drastic economy. They are opposed to waste. They know that extravagance lengthens the hours and diminishes the rewards of their labor. I favor the policy of economy, not because I wish to save money, but because I wish to save people. The men and women of this country who toil are the ones who bear the cost of the Government. Every dollar that we carelessly waste means that their life will be so much the more meager. Every dollar that we prudently save means that their life will be so much the more abundant. Economy is idealism in its most practical form.",NA,NA
1933-Roosevelt-07,1,National Restoration,These paragraphs are about a national effort to restore and rebuild after a period of failure and decline.,The government should prioritize national rebuilding efforts over other policy initiatives.,"Happiness lies not in the mere possession of money; it lies in the joy of achievement, in the thrill of creative effort. The joy and moral stimulation of work no longer must be forgotten in the mad chase of evanescent profits. These dark days will be worth all they cost us if they teach us that our true destiny is not to be ministered unto but to minister to ourselves and to our fellow men.",NA,NA
1897-McKinley-17,1,National Restoration,These paragraphs are about a national effort to restore and rebuild after a period of failure and decline.,The government should prioritize national rebuilding efforts over other policy initiatives.,"In conclusion, I congratulate the country upon the fraternal spirit of the people and the manifestations of good will everywhere so apparent. The recent election not only most fortunately demonstrated the obliteration of sectional or geographical lines, but to some extent also the prejudices which for years have distracted our councils and marred our true greatness as a nation. The triumph of the people, whose verdict is carried into effect today, is not the triumph of one section, nor wholly of one party, but of all sections and all the people. The North and the South no longer divide on the old lines, but upon principles and policies; and in this fact surely every lover of the country can find cause for true felicitation.",NA,NA
1933-Roosevelt-01,1,National Restoration,These paragraphs are about a national effort to restore and rebuild after a period of failure and decline.,The government should prioritize national rebuilding efforts over other policy initiatives.,"I am certain that my fellow Americans expect that on my induction into the Presidency I will address them with a candor and a decision which the present situation of our Nation impels. This is preeminently the time to speak the truth, the whole truth, frankly and boldly. Nor need we shrink from honestly facing conditions in our country today. This great Nation will endure as it has endured, will revive and will prosper. So, first of all, let me assert my firm belief that the only thing we have to fear is fear itself - nameless, unreasoning, unjustified terror which paralyzes needed efforts to convert retreat into advance. In every dark hour of our national life a leadership of frankness and vigor has met with that understanding and support of the people themselves which is essential to victory. I am convinced that you will again give that support to leadership in these critical days.",NA,NA
1921-Harding-17,1,National Restoration,These paragraphs are about a national effort to restore and rebuild after a period of failure and decline.,The government should prioritize national rebuilding efforts over other policy initiatives.,"If, despite this attitude, war is again forced upon us, I earnestly hope a way may be found which will unify our individual and collective strength and consecrate all America, materially and spiritually, body and soul, to national defense. I can vision the ideal republic, where every man and woman is called under the flag for assignment to duty for whatever service, military or civic, the individual is best fitted; where we may call to universal service every plant, agency, or facility, all in the sublime sacrifice for country, and not one penny of war profit shall inure to the benefit of private individual, corporation, or combination, but all above the normal shall flow into the defense chest of the Nation. There is something inherently wrong, something out of accord with the ideals of representative democracy, when one portion of our citizenship turns its activities to private gain amid defensive war while another is fighting, sacrificing, or dying for national preservation.",NA,NA
2025-Trump-25,1,National Restoration,These paragraphs are about a national effort to restore and rebuild after a period of failure and decline.,The government should prioritize national rebuilding efforts over other policy initiatives.,"As our victory showed, the entire nation is rapidly unifying behind our agenda with dramatic increases in support from virtually every element of our society: young and old, men and women, African Americans, Hispanic Americans, Asian Americans, urban, suburban, rural. And very importantly, we had a powerful win in all seven swing states — (applause) — and the popular vote, we won by millions of people.",NA,NA
2009-Obama-18,1,National Restoration,These paragraphs are about a national effort to restore and rebuild after a period of failure and decline.,The government should prioritize national rebuilding efforts over other policy initiatives.,"Now, there are some who question the scale of our ambitions - who suggest that our system cannot tolerate too many big plans. Their memories are short. For they have forgotten what this country has already done; what free men and women can achieve when imagination is joined to common purpose, and necessity to courage.",NA,NA
1905-Roosevelt-03,1,National Restoration,These paragraphs are about a national effort to restore and rebuild after a period of failure and decline.,The government should prioritize national rebuilding efforts over other policy initiatives.,"Our relations with the other powers of the world are important; but still more important are our relations among ourselves. Such growth in wealth, in population, and in power as this nation has seen during the century and a quarter of its national life is inevitably accompanied by a like growth in the problems which are ever before every nation that rises to greatness. Power invariably means both responsibility and danger. Our forefathers faced certain perils which we have outgrown. We now face other perils, the very existence of which it was impossible that they should foresee. Modern life is both complex and intense, and the tremendous changes wrought by the extraordinary industrial development of the last half century are felt in every fiber of our social and political being. Never before have men tried so vast and formidable an experiment as that of administering the affairs of a continent under the forms of a Democratic republic. The conditions which have told for our marvelous material well-being, which have developed to a very high degree our energy, self-reliance, and individual initiative, have also brought the care and anxiety inseparable from the accumulation of great wealth in industrial centers. Upon the success of our experiment much depends, not only as regards our own welfare, but as regards the welfare of mankind. If we fail, the cause of free self-government throughout the world will rock to its foundations, and therefore our responsibility is heavy, to ourselves, to the world as it is today, and to the generations yet unborn. There is no good reason why we should fear the future, but there is every reason why we should face it seriously, neither hiding from ourselves the gravity of the problems before us nor fearing to approach these problems with the unbending, unflinching purpose to solve them aright.",NA,NA
2001-Bush-43,1,National Restoration,These paragraphs are about a national effort to restore and rebuild after a period of failure and decline.,The government should prioritize national rebuilding efforts over other policy initiatives.,"Americans are generous and strong and decent, not because we believe in ourselves, but because we hold beliefs beyond ourselves. When this spirit of citizenship is missing, no government program can replace it. When this spirit is present, no wrong can stand against it.",NA,NA
1893-Cleveland-05,1,National Restoration,These paragraphs are about a national effort to restore and rebuild after a period of failure and decline.,The government should prioritize national rebuilding efforts over other policy initiatives.,"It can not be doubted that,our stupendous achievements as a people and our country's robust strength have given rise to heedlessness of those laws governing our national health which we can no more evade than human life can escape the laws of God and nature.",NA,NA
1853-Pierce-04,1,National Restoration,These paragraphs are about a national effort to restore and rebuild after a period of failure and decline.,The government should prioritize national rebuilding efforts over other policy initiatives.,"In this our country has, in my judgment, thus far fulfilled its highest duty to suffering humanity. It has spoken and will continue to speak, not only by its words, but by its acts, the language of sympathy, encouragement, and hope to those who earnestly listen to tones which pronounce for the largest rational liberty. But after all, the most animating encouragement and potent appeal for freedom will be its own history - its trials and its triumphs. Preeminently, the power of our advocacy reposes in our example; but no example, be it remembered, can be powerful for lasting good, whatever apparent advantages may be gained, which is not based upon eternal principles of right and justice. Our fathers decided for themselves, both upon the hour to declare and the hour to strike. They were their own judges of the circumstances under which it became them to pledge to each other ""their lives, their fortunes, and their sacred honor"" for the acquisition of the priceless inheritance transmitted to us. The energy with which that great conflict was opened and, under the guidance of a manifest and beneficent Providence the uncomplaining endurance with which it was prosecuted to its consummation were only surpassed by the wisdom and patriotic spirit of concession which characterized all the counsels of the early fathers.",NA,NA
1905-Roosevelt-02,1,National Restoration,These paragraphs are about a national effort to restore and rebuild after a period of failure and decline.,The government should prioritize national rebuilding efforts over other policy initiatives.,"Much has been given us, and much will rightfully be expected from us. We have duties to others and duties to ourselves; and we can shirk neither. We have become a great nation, forced by the fact of its greatness into relations with the other nations of the earth, and we must behave as beseems a people with such responsibilities. Toward all other nations, large and small, our attitude must be one of cordial and sincere friendship. We must show not only in our words, but in our deeds, that we are earnestly desirous of securing their good will by acting toward them in a spirit of just and generous recognition of all their rights. But justice and generosity in a nation, as in an individual, count most when shown not by the weak but by the strong. While ever careful to refrain from wrongdoing others, we must be no less insistent that we are not wronged ourselves. We wish peace, but we wish the peace of justice, the peace of righteousness. We wish it because we think it is right and not because we are afraid. No weak nation that acts manfully and justly should ever have cause to fear us, and no strong power should ever be able to single us out as a subject for insolent aggression.",NA,NA
2001-Bush-40,1,National Restoration,These paragraphs are about a national effort to restore and rebuild after a period of failure and decline.,The government should prioritize national rebuilding efforts over other policy initiatives.,"I will live and lead by these principles: to advance my convictions with civility, to pursue the public interest with courage, to speak for greater justice and compassion, to call for responsibility and try to live it as well.",NA,NA
1881-Garfield-14,1,National Restoration,These paragraphs are about a national effort to restore and rebuild after a period of failure and decline.,The government should prioritize national rebuilding efforts over other policy initiatives.,"The emancipated race has already made remarkable progress. With unquestioning devotion to the Union, with a patience and gentleness not born of fear, they have ""followed the light as God gave them to see the light."" They are rapidly laying the material foundations of self-support, widening their circle of intelligence, and beginning to enjoy the blessings that gather around the homes of the industrious poor. They deserve the generous encouragement of all good men. So far as my authority can lawfully extend they shall enjoy the full and equal protection of the Constitution and the laws.",NA,NA
1941-Roosevelt-22,1,National Restoration,These paragraphs are about a national effort to restore and rebuild after a period of failure and decline.,The government should prioritize national rebuilding efforts over other policy initiatives.,"If we lose that sacred fire - if we let it be smothered with doubt and fear - then we shall reject the destiny which Washington strove so valiantly and so triumphantly to establish. The preservation of the spirit and faith of the Nation does, and will, furnish the highest justification for every sacrifice that we may make in the cause of national defense.",NA,NA
1869-Grant-10,1,National Restoration,These paragraphs are about a national effort to restore and rebuild after a period of failure and decline.,The government should prioritize national rebuilding efforts over other policy initiatives.,"The young men of the country - those who from their age must be its rulers twenty-five years hence - have a peculiar interest in maintaining the national honor. A moment's reflection as to what will be our commanding influence among the nations of the earth in their day, if they are only true to themselves, should inspire them with national pride. All divisions - geographical, political, and religious - can join in this common sentiment. How the public debt is to be paid or specie payments resumed is not so important as that a plan should be adopted and acquiesced in. A united determination to do is worth more than divided counsels upon the method of doing. Legislation upon this subject may not be necessary now, or even advisable, but it will be when the civil law is more fully restored in all parts of the country and trade resumes its wonted channels.",NA,NA
1933-Roosevelt-15,1,National Restoration,These paragraphs are about a national effort to restore and rebuild after a period of failure and decline.,The government should prioritize national rebuilding efforts over other policy initiatives.,"The basic thought that guides these specific means of national recovery is not narrowly nationalistic. It is the insistence, as a first consideration, upon the interdependence of the various elements in all parts of the United States - a recognition of the old and permanently important manifestation of the American spirit of the pioneer. It is the way to recovery. It is the immediate way. It is the strongest assurance that the recovery will endure.",NA,NA
1933-Roosevelt-25,1,National Restoration,These paragraphs are about a national effort to restore and rebuild after a period of failure and decline.,The government should prioritize national rebuilding efforts over other policy initiatives.,"We do not distrust the future of essential democracy. The people of the United States have not failed. In their need they have registered a mandate that they want direct, vigorous action. They have asked for discipline and direction under leadership. They have made me the present instrument of their wishes. In the spirit of the gift I take it.",NA,NA
1977-Carter-15,1,National Restoration,These paragraphs are about a national effort to restore and rebuild after a period of failure and decline.,The government should prioritize national rebuilding efforts over other policy initiatives.,"To be true to ourselves, we must be true to others. We will not behave in foreign places so as to violate our rules and standards here at home, for we know that the trust which our Nation earns is essential to our strength.",NA,NA
1893-Cleveland-07,1,National Restoration,These paragraphs are about a national effort to restore and rebuild after a period of failure and decline.,The government should prioritize national rebuilding efforts over other policy initiatives.,"In dealing with our present embarrassing situation as related to this subject we will be wise if we temper our confidence and faith in our national strength and resources with the frank concession that even these will not permit us to defy with impunity the inexorable laws of finance and trade. At the same time, in our efforts to adjust differences of opinion we should be free from intolerance or passion, and our judgments should be unmoved by alluring phrases and unvexed by selfish interests.",NA,NA
1921-Harding-29,1,National Restoration,These paragraphs are about a national effort to restore and rebuild after a period of failure and decline.,The government should prioritize national rebuilding efforts over other policy initiatives.,"We would not have an America living within and for herself alone, but we would have her self-reliant, independent, and ever nobler, stronger, and richer. Believing in our higher standards, reared through constitutional liberty and maintained opportunity, we invite the world to the same heights. But pride in things wrought is no reflex of a completed task. Common welfare is the goal of our national endeavor. Wealth is not inimical to welfare; it ought to be its friendliest agency. There never can be equality of rewards or possessions so long as the human plan contains varied talents and differing degrees of industry and thrift, but ours ought to be a country free from the great blotches of distressed poverty. We ought to find a way to guard against the perils and penalties of unemployment. We want an America of homes, illumined with hope and happiness, where mothers, freed from the necessity for long hours of toil beyond their own doors, may preside as befits the hearthstone of American citizenship. We want the cradle of American childhood rocked under conditions so wholesome and so hopeful that no blight may touch it in its development, and we want to provide that no selfish interest, no material necessity, no lack of opportunity shall prevent the gaining of that education so essential to best citizenship.",NA,NA
1989-Bush-17,1,National Restoration,These paragraphs are about a national effort to restore and rebuild after a period of failure and decline.,The government should prioritize national rebuilding efforts over other policy initiatives.,"I have spoken of a thousand points of light, of all the community organizations that are spread like stars throughout the Nation, doing good. We will work hand in hand, encouraging, sometimes leading, sometimes being led, rewarding. We will work on this in the White House, in the Cabinet agencies. I will go to the people and the programs that are the brighter points of light, and I will ask every member of my government to become involved. The old ideas are new again because they are not old, they are timeless: duty, sacrifice, commitment, and a patriotism that finds its expression in taking part and pitching in.",NA,NA
1929-Hoover-16,1,National Restoration,These paragraphs are about a national effort to restore and rebuild after a period of failure and decline.,The government should prioritize national rebuilding efforts over other policy initiatives.,To those of criminal mind there can be no appeal but vigorous enforcement of the law. Fortunately they are but a small percentage of our people. Their activities must be stopped.,NA,NA
1945-Roosevelt-10,1,National Restoration,These paragraphs are about a national effort to restore and rebuild after a period of failure and decline.,The government should prioritize national rebuilding efforts over other policy initiatives.,"And so today, in this year of war, 1945, we have learned lessons - at a fearful cost - and we shall profit by them.",NA,NA
1893-Cleveland-21,1,National Restoration,These paragraphs are about a national effort to restore and rebuild after a period of failure and decline.,The government should prioritize national rebuilding efforts over other policy initiatives.,"While there should be no surrender of principle, our task must be undertaken wisely and without heedless vindictiveness. Our mission is not punishment, but the rectification of wrong. If in lifting burdens from the daily life of our people we reduce inordinate and unequal advantages too long enjoyed, this is but a necessary incident of our return to right and justice. If we exact from unwilling minds acquiescence in the theory of an honest distribution of the fund of the governmental beneficence treasured up for all, we but insist upon a principle which underlies our free institutions. When we tear aside the delusions and misconceptions which have blinded our countrymen to their condition under vicious tariff laws, we but show them how far they have been led away from the paths of contentment and prosperity. When we proclaim that the necessity for revenue to support the Government furnishes the only justification for taxing the people, we announce a truth so plain that its denial would seem to indicate the extent to which judgment may be influenced by familiarity with perversions of the taxing power. And when we seek to reinstate the self-confidence and business enterprise of our citizens by discrediting an abject dependence upon governmental favor, we strive to stimulate those elements of American character which support the hope of American achievement.",NA,NA
1953-Eisenhower-48,1,National Restoration,These paragraphs are about a national effort to restore and rebuild after a period of failure and decline.,The government should prioritize national rebuilding efforts over other policy initiatives.,"We must be willing, individually and as a Nation, to accept whatever sacrifices may be required of us. A people that values its privileges above its principles soon loses both.",NA,NA
1937-Roosevelt-18,1,National Restoration,These paragraphs are about a national effort to restore and rebuild after a period of failure and decline.,The government should prioritize national rebuilding efforts over other policy initiatives.,"True, we have come far from the days of stagnation and despair. Vitality has been preserved. Courage and confidence have been restored. Mental and moral horizons have been extended.",NA,NA
1933-Roosevelt-03,1,National Restoration,These paragraphs are about a national effort to restore and rebuild after a period of failure and decline.,The government should prioritize national rebuilding efforts over other policy initiatives.,"More important, a host of unemployed citizens face the grim problem of existence, and an equally great number toil with little return. Only a foolish optimist can deny the dark realities of the moment.",NA,NA
1949-Truman-20,1,National Restoration,These paragraphs are about a national effort to restore and rebuild after a period of failure and decline.,The government should prioritize national rebuilding efforts over other policy initiatives.,"We have already established such a defense pact for the Western Hemisphere by the treaty of Rio de Janeiro. The primary purpose of these agreements is to provide unmistakable proof of the joint determination of the free countries to resist armed attack from any quarter. Each country participating in these arrangements must contribute all it can to the common defense. If we can make it sufficiently clear, in advance, that any armed attack affecting our national security would be met with overwhelming force, the armed attack might never occur. I hope soon to send to the Senate a treaty respecting the North Atlantic security plan. In addition, we will provide military advice and equipment to free nations which will cooperate with us in the maintenance of peace and security.",NA,NA
1893-Cleveland-22,1,National Restoration,These paragraphs are about a national effort to restore and rebuild after a period of failure and decline.,The government should prioritize national rebuilding efforts over other policy initiatives.,"Anxiety for the redemption of the pledges which my party has made and solicitude for the complete justification of the trust the people have reposed in us constrain me to remind those with whom I am to cooperate that we can succeed in doing the work which has been especially set before us only by the most sincere, harmonious, and disinterested effort. Even if insuperable obstacles and opposition prevent the consummation of our task, we shall hardly be excused; and if failure can be traced to our fault or neglect we may be sure the people will hold us to a swift and exacting accountability.",NA,NA
1913-Wilson-05,1,National Restoration,These paragraphs are about a national effort to restore and rebuild after a period of failure and decline.,The government should prioritize national rebuilding efforts over other policy initiatives.,"At last a vision has been vouchsafed us of our life as a whole. We see the bad with the good, the debased and decadent with the sound and vital. With this vision we approach new affairs. Our duty is to cleanse, to reconsider, to restore, to correct the evil without impairing the good, to purify and humanize every process of our common life without weakening or sentimentalizing it. There has been something crude and heartless and unfeeling in our haste to succeed and be great. Our thought has been ""Let every man look out for himself, let every generation look out for itself,"" while we reared giant machinery which made it impossible that any but those who stood at the levers of control should have a chance to look out for themselves. We had not forgotten our morals. We remembered well enough that we had set up a policy which was meant to serve the humblest as well as the most powerful, with an eye single to the standards of justice and fair play, and remembered it with pride. But we were very heedless and in a hurry to be great.",NA,NA
1933-Roosevelt-11,1,National Restoration,These paragraphs are about a national effort to restore and rebuild after a period of failure and decline.,The government should prioritize national rebuilding efforts over other policy initiatives.,"Hand in hand with this we must frankly recognize the overbalance of population in our industrial centers and, by engaging on a national scale in a redistribution, endeavor to provide a better use of the land for those best fitted for the land. The task can be helped by definite efforts to raise the values of agricultural products and with this the power to purchase the output of our cities. It can be helped by preventing realistically the tragedy of the growing loss through foreclosure of our small homes and our farms. It can be helped by insistence that the Federal, State, and local governments act forthwith on the demand that their cost be drastically reduced. It can be helped by the unifying of relief activities which today are often scattered, uneconomical, and unequal. It can be helped by national planning for and supervision of all forms of transportation and of communications and other utilities which have a definitely public character. There are many ways in which it can be helped, but it can never be helped merely by talking about it. We must act and act quickly.",NA,NA
1921-Harding-20,1,National Restoration,These paragraphs are about a national effort to restore and rebuild after a period of failure and decline.,The government should prioritize national rebuilding efforts over other policy initiatives.,"We can reduce the abnormal expenditures, and we will. We can strike at war taxation, and we must. We must face the grim necessity, with full knowledge that the task is to be solved, and we must proceed with a full realization that no statute enacted by man can repeal the inexorable laws of nature. Our most dangerous tendency is to expect too much of government, and at the same time do for it too little. We contemplate the immediate task of putting our public household in order. We need a rigid and yet sane economy, combined with fiscal justice, and it must be attended by individual prudence and thrift, which are so essential to this trying hour and reassuring for the future.",NA,NA
1889-Harrison-13,1,National Restoration,These paragraphs are about a national effort to restore and rebuild after a period of failure and decline.,The government should prioritize national rebuilding efforts over other policy initiatives.,"Is it not quite possible that the farmers and the promoters of the great mining and manufacturing enterprises which have recently been established in the South may yet find that the free ballot of the workingman, without distinction of race, is needed for their defense as well as for his own? I do not doubt that if those men in the South who now accept the tariff views of Clay and the constitutional expositions of Webster would courageously avow and defend their real convictions they would not find it difficult, by friendly instruction and cooperation, to make the black man their efficient and safe ally, not only in establishing correct principles in our national administration, but in preserving for their local communities the benefits of social order and economical and honest government. At least until the good offices of kindness and education have been fairly tried the contrary conclusion can not be plausibly urged.",NA,NA
1917-Wilson-15,1,National Restoration,These paragraphs are about a national effort to restore and rebuild after a period of failure and decline.,The government should prioritize national rebuilding efforts over other policy initiatives.,We are to beware of all men who would turn the tasks and the necessities of the nation to their own private profit or use them for the building up of private power.,NA,NA
1953-Eisenhower-32,1,National Restoration,These paragraphs are about a national effort to restore and rebuild after a period of failure and decline.,The government should prioritize national rebuilding efforts over other policy initiatives.,"(1) Abhorring war as a chosen way to balk the purposes of those who threaten us, we hold it to be the first task of statesmanship to develop the strength that will deter the forces of aggression and promote the conditions of peace. For, as it must be the supreme purpose of all free men, so it must be the dedication of their leaders, to save humanity from preying upon itself.",NA,NA
1933-Roosevelt-17,1,National Restoration,These paragraphs are about a national effort to restore and rebuild after a period of failure and decline.,The government should prioritize national rebuilding efforts over other policy initiatives.,"If I read the temper of our people correctly, we now realize as we have never realized before our interdependence on each other; that we can not merely take but we must give as well; that if we are to go forward, we must move as a trained and loyal army willing to sacrifice for the good of a common discipline, because without such discipline no progress is made, no leadership becomes effective. We are, I know, ready and willing to submit our lives and property to such discipline, because it makes possible a leadership which aims at a larger good. This I propose to offer, pledging that the larger purposes will bind upon us all as a sacred obligation with a unity of duty hitherto evoked only in time of armed strife.",NA,NA
1941-Roosevelt-04,1,National Restoration,These paragraphs are about a national effort to restore and rebuild after a period of failure and decline.,The government should prioritize national rebuilding efforts over other policy initiatives.,"There are men who doubt this. There are men who believe that democracy, as a form of Government and a frame of life, is limited or measured by a kind of mystical and artificial fate that, for some unexplained reason, tyranny and slavery have become the surging wave of the future - and that freedom is an ebbing tide.",NA,NA
1985-Reagan-14,1,National Restoration,These paragraphs are about a national effort to restore and rebuild after a period of failure and decline.,The government should prioritize national rebuilding efforts over other policy initiatives.,"These will be years when Americans have restored their confidence and tradition of progress; when our values of faith, family, work, and neighborhood were restated for a modern age; when our economy was finally freed from government's grip; when we made sincere efforts at meaningful arms reduction, rebuilding our defenses, our economy, and developing new technologies, and helped preserve peace in a troubled world; when Americans courageously supported the struggle for liberty, self-government, and free enterprise throughout the world, and turned the tide of history away from totalitarian darkness and into the warm sunlight of human freedom.",NA,NA
1905-Roosevelt-04,1,National Restoration,These paragraphs are about a national effort to restore and rebuild after a period of failure and decline.,The government should prioritize national rebuilding efforts over other policy initiatives.,"Yet, after all, though the problems are new, though the tasks set before us differ from the tasks set before our fathers who founded and preserved this Republic, the spirit in which these tasks must be undertaken and these problems faced, if our duty is to be well done, remains essentially unchanged. We know that self-government is difficult. We know that no people needs such high traits of character as that people which seeks to govern its affairs aright through the freely expressed will of the freemen who compose it. But we have faith that we shall not prove false to the memories of the men of the mighty past. They did their work, they left us the splendid heritage we now enjoy. We in our turn have an assured confidence that we shall be able to leave this heritage unwasted and enlarged to our children and our children's children. To do so we must show, not merely in great crises, but in the everyday affairs of life, the qualities of practical intelligence, of courage, of hardihood, and endurance, and above all the power of devotion to a lofty ideal, which made great the men who founded this Republic in the days of Washington, which made great the men who preserved this Republic in the days of Abraham Lincoln.",NA,NA
1961-Kennedy-12,1,National Restoration,These paragraphs are about a national effort to restore and rebuild after a period of failure and decline.,The government should prioritize national rebuilding efforts over other policy initiatives.,We dare not tempt them with weakness. For only when our arms are sufficient beyond doubt can we be certain beyond doubt that they will never be employed.,NA,NA
1917-Wilson-17,1,National Restoration,These paragraphs are about a national effort to restore and rebuild after a period of failure and decline.,The government should prioritize national rebuilding efforts over other policy initiatives.,"The shadows that now lie dark upon our path will soon be dispelled, and we shall walk with the light all about us if we be but true to ourselves - to ourselves as we have wished to be known in the counsels of the world and in the thought of all those who love liberty and justice and the right exalted.",NA,NA
1893-Cleveland-25,1,National Restoration,These paragraphs are about a national effort to restore and rebuild after a period of failure and decline.,The government should prioritize national rebuilding efforts over other policy initiatives.,I find also much comfort in remembering that my countrymen are just and generous and in the assurance that they will not condemn those who by sincere devotion to their service deserve their forbearance and approval.,NA,NA
1913-Wilson-03,1,National Restoration,These paragraphs are about a national effort to restore and rebuild after a period of failure and decline.,The government should prioritize national rebuilding efforts over other policy initiatives.,"We see that in many things that life is very great. It is incomparably great in its material aspects, in its body of wealth, in the diversity and sweep of its energy, in the industries which have been conceived and built up by the genius of individual men and the limitless enterprise of groups of men. It is great, also, very great, in its moral force. Nowhere else in the world have noble men and women exhibited in more striking forms the beauty and the energy of sympathy and helpfulness and counsel in their efforts to rectify wrong, alleviate suffering, and set the weak in the way of strength and hope. We have built up, moreover, a great system of government, which has stood through a long age as in many respects a model for those who seek to set liberty upon foundations that will endure against fortuitous change, against storm and accident. Our life contains every great thing, and contains it in rich abundance.",NA,NA
1981-Reagan-20,1,National Restoration,These paragraphs are about a national effort to restore and rebuild after a period of failure and decline.,The government should prioritize national rebuilding efforts over other policy initiatives.,"We shall reflect the compassion that is so much a part of your makeup. How can we love our country and not love our countrymen, and loving them, reach out a hand when they fall, heal them when they are sick, and provide opportunities to make them self- sufficient so they will be equal in fact and not just in theory?",NA,NA
1957-Eisenhower-07,1,National Restoration,These paragraphs are about a national effort to restore and rebuild after a period of failure and decline.,The government should prioritize national rebuilding efforts over other policy initiatives.,May we grow in strength - without pride in self.,NA,NA
1941-Roosevelt-18,1,National Restoration,These paragraphs are about a national effort to restore and rebuild after a period of failure and decline.,The government should prioritize national rebuilding efforts over other policy initiatives.,"But it is not enough to achieve these purposes alone. It is not enough to clothe and feed the body of this Nation, and instruct and inform its mind. For there is also the spirit. And of the three, the greatest is the spirit.",NA,NA
1853-Pierce-13,1,National Restoration,These paragraphs are about a national effort to restore and rebuild after a period of failure and decline.,The government should prioritize national rebuilding efforts over other policy initiatives.,"But let not the foundation of our hope rest upon man's wisdom. It will not be sufficient that sectional prejudices find no place in the public deliberations. It will not be sufficient that the rash counsels of human passion are rejected. It must be felt that there is no national security but in the nation's humble, acknowledged dependence upon God and His overruling providence.",NA,NA
1921-Harding-16,1,National Restoration,These paragraphs are about a national effort to restore and rebuild after a period of failure and decline.,The government should prioritize national rebuilding efforts over other policy initiatives.,"Our supreme task is the resumption of our onward, normal way. Reconstruction, readjustment, restoration all these must follow. I would like to hasten them. If it will lighten the spirit and add to the resolution with which we take up the task, let me repeat for our Nation, we shall give no people just cause to make war upon us; we hold no national prejudices; we entertain no spirit of revenge; we do not hate; we do not covet; we dream of no conquest, nor boast of armed prowess.",NA,NA
1965-Johnson-22,1,National Restoration,These paragraphs are about a national effort to restore and rebuild after a period of failure and decline.,The government should prioritize national rebuilding efforts over other policy initiatives.,"But more is required. Men want to be a part of a common enterprise - a cause greater than themselves. Each of us must find a way to advance the purpose of the Nation, thus finding new purpose for ourselves. Without this, we shall become a nation of strangers.",NA,NA
1937-Roosevelt-11,1,National Restoration,These paragraphs are about a national effort to restore and rebuild after a period of failure and decline.,The government should prioritize national rebuilding efforts over other policy initiatives.,In that purpose we have been helped by achievements of mind and spirit. Old truths have been relearned; untruths have been unlearned. We have always known that heedless self-interest was bad morals; we know now that it is bad economics. Out of the collapse of a prosperity whose builders boasted their practicality has come the conviction that in the long run economic morality pays. We are beginning to wipe out the line that divides the practical from the ideal; and in so doing we are fashioning an instrument of unimagined power for the establishment of a morally better world.,NA,NA
1913-Wilson-08,1,National Restoration,These paragraphs are about a national effort to restore and rebuild after a period of failure and decline.,The government should prioritize national rebuilding efforts over other policy initiatives.,"Nor have we studied and perfected the means by which government may be put at the service of humanity, in safeguarding the health of the Nation, the health of its men and its women and its children, as well as their rights in the struggle for existence. This is no sentimental duty. The firm basis of government is justice, not pity. These are matters of justice. There can be no equality or opportunity, the first essential of justice in the body politic, if men and women and children be not shielded in their lives, their very vitality, from the consequences of great industrial and social processes which they can not alter, control, or singly cope with. Society must see to it that it does not itself crush or weaken or damage its own constituent parts. The first duty of law is to keep sound the society it serves. Sanitary laws, pure food laws, and laws determining conditions of labor which individuals are powerless to determine for themselves are intimate parts of the very business of justice and legal efficiency.",NA,NA
1929-Hoover-43,1,National Restoration,These paragraphs are about a national effort to restore and rebuild after a period of failure and decline.,The government should prioritize national rebuilding efforts over other policy initiatives.,CONCLUSION,NA,NA
1881-Garfield-18,1,National Restoration,These paragraphs are about a national effort to restore and rebuild after a period of failure and decline.,The government should prioritize national rebuilding efforts over other policy initiatives.,"The voters of the Union, who make and unmake constitutions, and upon whose will hang the destinies of our governments, can transmit their supreme authority to no successors save the coming generation of voters, who are the sole heirs of sovereign power. If that generation comes to its inheritance blinded by ignorance and corrupted by vice, the fall of the Republic will be certain and remediless.",NA,NA
2025-Trump-39,1,National Restoration,These paragraphs are about a national effort to restore and rebuild after a period of failure and decline.,The government should prioritize national rebuilding efforts over other policy initiatives.,"The inflation crisis was caused by massive overspending and escalating energy prices, and that is why today I will also declare a national energy emergency. We will drill, baby, drill.",NA,NA
