K,heldout,dispersion,coherence,exclusivity
5,-7.1460728933460365,2.846686218451065,-77.28182213666051,8.59066247811969
8,-7.158584806168577,2.598144193938202,-87.02646490459064,8.96044977665951
11,-7.162675755277956,2.5465124156427867,-90.55211596854625,9.107279803897946
14,-7.207066640012468,2.327395781774875,-95.99615376528206,9.210766815214363
17,-7.19816964953172,2.2452732754274005,-94.05330290022205,9.17846845959249
20,-7.227571109095155,2.1563212302533583,-98.741384947712,9.214289672246009
23,-7.281708069031952,2.099657360932938,-100.44458482323914,9.225154728987224
26,-7.3076304238206,2.0264949201956064,-100.89480144231842,9.205286331689864
29,-7.363738549612071,2.0029313848998025,-101.67693175547657,9.22633354848731
