para_uid,label
1817-Monroe-10,oppose
1837-VanBuren-17,oppose
1845-Polk-07,irrelevant
1845-Polk-26,oppose
1849-Taylor-06,oppose
1857-Buchanan-15,oppose
1869-Grant-09,neutral
1885-Cleveland-10,oppose
1897-McKinley-14,oppose
1909-Taft-16,neutral
1909-Taft-18,favor
1921-Harding-04,oppose
1925-Coolidge-09,neutral
1929-Hoover-20,oppose
1933-Roosevelt-11,neutral
1949-Truman-05,favor
1949-Truman-08,favor
1949-Truman-10,favor
1949-Truman-11,favor
1949-Truman-13,favor
1949-Truman-19,favor
1953-Eisenhower-18,neutral
1957-Eisenhower-13,favor
1965-Johnson-10,favor
1969-Nixon-15,favor
1969-Nixon-16,favor
1973-Nixon-04,favor
1973-Nixon-05,oppose
1973-Nixon-10,neutral
1973-Nixon-13,irrelevant
1973-Nixon-16,favor
1977-Carter-08,favor
1981-Reagan-18,favor
2001-Bush-05,irrelevant
2001-Bush-09,favor
2005-Bush-09,favor
2017-Trump-15,oppose
2017-Trump-17,oppose
2017-Trump-19,irrelevant
2021-Biden-03,irrelevant
2021-Biden-20,favor
2021-Biden-21,irrelevant
2021-Biden-24,irrelevant
2021-Biden-34,irrelevant
2021-Biden-39,favor
2021-Biden-65,favor
2025-Trump-03,oppose
2025-Trump-27,irrelevant
1789-Washington-05,irrelevant
1805-Jefferson-10,irrelevant
1805-Jefferson-14,irrelevant
1821-Monroe-17,irrelevant
1829-Jackson-04,irrelevant
1829-Jackson-09,irrelevant
1833-Jackson-05,irrelevant
1833-Jackson-07,irrelevant
1841-Harrison-06,irrelevant
1845-Polk-08,irrelevant
1845-Polk-16,irrelevant
1845-Polk-27,irrelevant
1849-Taylor-02,irrelevant
1857-Buchanan-02,irrelevant
1857-Buchanan-13,irrelevant
1861-Lincoln-24,irrelevant
1865-Lincoln-01,irrelevant
1869-Grant-06,irrelevant
1869-Grant-07,irrelevant
1877-Hayes-05,irrelevant
1877-Hayes-12,irrelevant
1877-Hayes-21,irrelevant
1881-Garfield-25,irrelevant
1881-Garfield-28,irrelevant
1885-Cleveland-05,irrelevant
1889-Harrison-04,irrelevant
1889-Harrison-10,irrelevant
1889-Harrison-12,irrelevant
1889-Harrison-15,irrelevant
1889-Harrison-22,irrelevant
1889-Harrison-28,irrelevant
1893-Cleveland-12,irrelevant
1897-McKinley-04,irrelevant
1897-McKinley-06,irrelevant
1897-McKinley-12,irrelevant
1901-McKinley-03,irrelevant
1909-Taft-23,irrelevant
1909-Taft-27,irrelevant
1909-Taft-36,irrelevant
1913-Wilson-05,irrelevant
1921-Harding-27,irrelevant
1925-Coolidge-13,irrelevant
1933-Roosevelt-12,irrelevant
1937-Roosevelt-09,irrelevant
1937-Roosevelt-13,irrelevant
1945-Roosevelt-06,favor
1957-Eisenhower-07,irrelevant
1973-Nixon-03,favor
1973-Nixon-08,favor
1981-Reagan-13,irrelevant
1981-Reagan-16,irrelevant
1985-Reagan-12,irrelevant
1989-Bush-10,irrelevant
1989-Bush-12,irrelevant
1989-Bush-21,irrelevant
1993-Clinton-09,irrelevant
1997-Clinton-14,favor
2009-Obama-04,irrelevant
2009-Obama-24,irrelevant
2013-Obama-06,irrelevant
2013-Obama-09,irrelevant
2013-Obama-16,irrelevant
1797-Adams-01,irrelevant
1797-Adams-08,irrelevant
1797-Adams-12,irrelevant
1805-Jefferson-02,neutral
1809-Madison-03,oppose
1809-Madison-05,oppose
1813-Madison-02,neutral
1817-Monroe-05,favor
1821-Monroe-08,neutral
1821-Monroe-11,oppose
1829-Jackson-03,neutral
1833-Jackson-03,neutral
1837-VanBuren-10,oppose
1841-Harrison-16,oppose
1841-Harrison-21,neutral
1845-Polk-21,oppose
1849-Taylor-05,irrelevant
1853-Pierce-06,favor
1853-Pierce-07,oppose
1853-Pierce-08,favor
1861-Lincoln-04,irrelevant
1861-Lincoln-17,irrelevant
1861-Lincoln-19,irrelevant
1869-Grant-03,irrelevant
1869-Grant-04,irrelevant
1869-Grant-10,irrelevant
1877-Hayes-13,irrelevant
1877-Hayes-17,neutral
1877-Hayes-20,irrelevant
1881-Garfield-21,irrelevant
1885-Cleveland-03,irrelevant
1885-Cleveland-12,irrelevant
1889-Harrison-17,oppose
1889-Harrison-19,neutral
1889-Harrison-20,favor
1889-Harrison-21,neutral
1893-Cleveland-02,irrelevant
1893-Cleveland-05,irrelevant
1893-Cleveland-08,irrelevant
1901-McKinley-08,favor
1905-Roosevelt-02,favor
1905-Roosevelt-03,neutral
1909-Taft-12,favor
1909-Taft-17,favor
1909-Taft-20,favor
1917-Wilson-02,neutral
1917-Wilson-06,favor
1917-Wilson-08,oppose
1917-Wilson-10,irrelevant
1917-Wilson-11,irrelevant
1921-Harding-05,oppose
1921-Harding-07,favor
1921-Harding-10,favor
1921-Harding-11,favor
1921-Harding-16,irrelevant
1921-Harding-24,irrelevant
1921-Harding-29,favor
1925-Coolidge-03,favor
1925-Coolidge-04,irrelevant
1925-Coolidge-05,neutral
1925-Coolidge-06,favor
1925-Coolidge-07,favor
1925-Coolidge-08,favor
1925-Coolidge-11,oppose
1925-Coolidge-12,irrelevant
1925-Coolidge-22,irrelevant
1925-Coolidge-23,favor
1929-Hoover-01,irrelevant
1929-Hoover-17,favor
1929-Hoover-18,favor
1929-Hoover-19,favor
1933-Roosevelt-10,neutral
1933-Roosevelt-17,irrelevant
1937-Roosevelt-04,irrelevant
1937-Roosevelt-12,irrelevant
1937-Roosevelt-15,irrelevant
1937-Roosevelt-16,irrelevant
1937-Roosevelt-17,irrelevant
1941-Roosevelt-01,favor
1941-Roosevelt-04,irrelevant
1941-Roosevelt-07,neutral
1941-Roosevelt-10,irrelevant
1941-Roosevelt-11,irrelevant
1941-Roosevelt-15,favor
1945-Roosevelt-02,favor
1945-Roosevelt-05,favor
1949-Truman-01,irrelevant
1949-Truman-02,favor
1949-Truman-07,favor
1949-Truman-09,favor
1949-Truman-12,favor
1949-Truman-14,favor
1949-Truman-15,favor
1949-Truman-16,favor
1949-Truman-17,favor
1949-Truman-18,favor
1953-Eisenhower-13,favor
1953-Eisenhower-14,favor
1953-Eisenhower-15,favor
1953-Eisenhower-16,favor
1953-Eisenhower-17,favor
1953-Eisenhower-19,favor
1953-Eisenhower-20,favor
1953-Eisenhower-21,irrelevant
1957-Eisenhower-03,favor
1957-Eisenhower-04,favor
1957-Eisenhower-06,irrelevant
1957-Eisenhower-11,favor
1957-Eisenhower-15,favor
1957-Eisenhower-16,favor
1957-Eisenhower-17,favor
1961-Kennedy-04,favor
1961-Kennedy-07,favor
1961-Kennedy-09,favor
1961-Kennedy-10,favor
1961-Kennedy-13,favor
1965-Johnson-07,irrelevant
1965-Johnson-12,oppose
1965-Johnson-17,irrelevant
1969-Nixon-01,irrelevant
1969-Nixon-03,favor
1969-Nixon-05,irrelevant
1969-Nixon-08,irrelevant
1969-Nixon-10,oppose
1969-Nixon-12,irrelevant
1969-Nixon-13,irrelevant
1969-Nixon-14,favor
1969-Nixon-17,neutral
1973-Nixon-02,favor
1973-Nixon-17,favor
1973-Nixon-18,irrelevant
1977-Carter-05,favor
1977-Carter-06,irrelevant
1977-Carter-07,irrelevant
1977-Carter-09,favor
1977-Carter-10,oppose
1977-Carter-11,favor
1977-Carter-14,favor
1981-Reagan-10,irrelevant
1981-Reagan-19,favor
1985-Reagan-07,irrelevant
1985-Reagan-09,favor
1985-Reagan-21,irrelevant
1985-Reagan-22,favor
1985-Reagan-26,favor
1989-Bush-06,irrelevant
1993-Clinton-07,irrelevant
1993-Clinton-11,favor
1997-Clinton-02,favor
1997-Clinton-08,irrelevant
1997-Clinton-12,irrelevant
2001-Bush-01,irrelevant
2001-Bush-02,favor
2001-Bush-03,irrelevant
2001-Bush-06,favor
2001-Bush-07,irrelevant
2001-Bush-11,irrelevant
2001-Bush-13,irrelevant
2001-Bush-15,irrelevant
2005-Bush-04,favor
2005-Bush-05,favor
2005-Bush-06,favor
2005-Bush-08,favor
2005-Bush-12,favor
2009-Obama-05,irrelevant
2009-Obama-06,irrelevant
2013-Obama-04,irrelevant
2013-Obama-15,favor
2013-Obama-21,irrelevant
2017-Trump-02,irrelevant
2017-Trump-04,irrelevant
2017-Trump-14,oppose
2017-Trump-18,irrelevant
2017-Trump-22,irrelevant
2021-Biden-10,irrelevant
2021-Biden-11,irrelevant
2021-Biden-33,irrelevant
2021-Biden-35,irrelevant
2021-Biden-36,irrelevant
2021-Biden-46,neutral
2025-Trump-02,irrelevant
2025-Trump-06,irrelevant
2025-Trump-13,irrelevant
2025-Trump-14,irrelevant
2025-Trump-15,irrelevant
2025-Trump-18,irrelevant
2025-Trump-20,irrelevant
2025-Trump-21,oppose
2025-Trump-26,oppose
2025-Trump-33,neutral
