para_uid,rater,label
1921-Harding-04,stance_1,neutral
1921-Harding-06,stance_1,favor
1921-Harding-07,stance_1,favor
1921-Harding-09,stance_1,favor
1921-Harding-10,stance_1,favor
1921-Harding-13,stance_1,favor
1921-Harding-24,stance_1,favor
1921-Harding-25,stance_1,irrelevant
1921-Harding-27,stance_1,oppose
1921-Harding-28,stance_1,irrelevant
1921-Harding-29,stance_1,irrelevant
1925-Coolidge-06,stance_1,favor
1925-Coolidge-10,stance_1,favor
1929-Hoover-19,stance_1,favor
1929-Hoover-20,stance_1,favor
1929-Hoover-29,stance_1,irrelevant
1933-Roosevelt-05,stance_1,irrelevant
1937-Roosevelt-07,stance_1,irrelevant
1937-Roosevelt-18,stance_1,irrelevant
1937-Roosevelt-26,stance_1,irrelevant
1937-Roosevelt-27,stance_1,irrelevant
1937-Roosevelt-31,stance_1,favor
1937-Roosevelt-33,stance_1,irrelevant
1941-Roosevelt-12,stance_1,irrelevant
1941-Roosevelt-13,stance_1,irrelevant
1941-Roosevelt-14,stance_1,irrelevant
1941-Roosevelt-17,stance_1,favor
1941-Roosevelt-28,stance_1,irrelevant
1945-Roosevelt-05,stance_1,favor
1945-Roosevelt-06,stance_1,irrelevant
1945-Roosevelt-09,stance_1,irrelevant
1945-Roosevelt-10,stance_1,favor
1949-Truman-06,stance_1,irrelevant
1949-Truman-08,stance_1,favor
1949-Truman-10,stance_1,irrelevant
1949-Truman-11,stance_1,irrelevant
1949-Truman-12,stance_1,irrelevant
1949-Truman-14,stance_1,irrelevant
1949-Truman-15,stance_1,favor
1949-Truman-16,stance_1,irrelevant
1949-Truman-17,stance_1,irrelevant
1949-Truman-21,stance_1,favor
1949-Truman-22,stance_1,irrelevant
1949-Truman-23,stance_1,favor
1949-Truman-24,stance_1,favor
1949-Truman-25,stance_1,favor
1949-Truman-26,stance_1,irrelevant
1949-Truman-29,stance_1,favor
1949-Truman-31,stance_1,irrelevant
1949-Truman-35,stance_1,favor
1949-Truman-37,stance_1,irrelevant
1949-Truman-40,stance_1,favor
1949-Truman-41,stance_1,irrelevant
1949-Truman-42,stance_1,favor
1949-Truman-45,stance_1,favor
1949-Truman-48,stance_1,irrelevant
1949-Truman-49,stance_1,irrelevant
1949-Truman-50,stance_1,irrelevant
1949-Truman-52,stance_1,favor
1949-Truman-53,stance_1,irrelevant
1949-Truman-54,stance_1,irrelevant
1949-Truman-55,stance_1,irrelevant
1949-Truman-56,stance_1,irrelevant
1949-Truman-57,stance_1,irrelevant
1949-Truman-58,stance_1,favor
1949-Truman-62,stance_1,favor
1953-Eisenhower-04,stance_1,irrelevant
1953-Eisenhower-17,stance_1,irrelevant
1953-Eisenhower-20,stance_1,irrelevant
1953-Eisenhower-22,stance_1,favor
1953-Eisenhower-23,stance_1,favor
1953-Eisenhower-24,stance_1,irrelevant
1953-Eisenhower-25,stance_1,irrelevant
1953-Eisenhower-26,stance_1,irrelevant
1953-Eisenhower-27,stance_1,irrelevant
1953-Eisenhower-30,stance_1,favor
1953-Eisenhower-31,stance_1,oppose
1953-Eisenhower-32,stance_1,irrelevant
1953-Eisenhower-33,stance_1,favor
1953-Eisenhower-34,stance_1,favor
1953-Eisenhower-35,stance_1,favor
1953-Eisenhower-36,stance_1,favor
1953-Eisenhower-37,stance_1,favor
1953-Eisenhower-38,stance_1,favor
1953-Eisenhower-40,stance_1,favor
1953-Eisenhower-41,stance_1,favor
1953-Eisenhower-42,stance_1,oppose
1953-Eisenhower-44,stance_1,irrelevant
1953-Eisenhower-45,stance_1,irrelevant
1953-Eisenhower-47,stance_1,favor
1957-Eisenhower-06,stance_1,irrelevant
1957-Eisenhower-09,stance_1,irrelevant
1957-Eisenhower-10,stance_1,irrelevant
1957-Eisenhower-11,stance_1,irrelevant
1957-Eisenhower-15,stance_1,favor
1957-Eisenhower-16,stance_1,favor
1957-Eisenhower-17,stance_1,favor
1957-Eisenhower-18,stance_1,favor
1957-Eisenhower-19,stance_1,favor
1957-Eisenhower-20,stance_1,favor
1957-Eisenhower-21,stance_1,favor
1957-Eisenhower-23,stance_1,favor
1957-Eisenhower-24,stance_1,irrelevant
1957-Eisenhower-25,stance_1,favor
1957-Eisenhower-26,stance_1,irrelevant
1957-Eisenhower-27,stance_1,favor
1957-Eisenhower-28,stance_1,favor
1957-Eisenhower-32,stance_1,favor
1961-Kennedy-02,stance_1,irrelevant
1961-Kennedy-04,stance_1,irrelevant
1961-Kennedy-05,stance_1,favor
1961-Kennedy-07,stance_1,irrelevant
1961-Kennedy-08,stance_1,favor
1961-Kennedy-10,stance_1,favor
1961-Kennedy-15,stance_1,favor
1961-Kennedy-17,stance_1,favor
1961-Kennedy-18,stance_1,favor
1961-Kennedy-21,stance_1,favor
1961-Kennedy-22,stance_1,favor
1961-Kennedy-25,stance_1,favor
1965-Johnson-13,stance_1,favor
1965-Johnson-17,stance_1,favor
1965-Johnson-25,stance_1,irrelevant
1969-Nixon-05,stance_1,favor
1969-Nixon-08,stance_1,favor
1969-Nixon-22,stance_1,irrelevant
1969-Nixon-29,stance_1,irrelevant
1969-Nixon-39,stance_1,favor
1969-Nixon-43,stance_1,favor
1969-Nixon-45,stance_1,favor
1969-Nixon-49,stance_1,favor
1969-Nixon-50,stance_1,irrelevant
1969-Nixon-51,stance_1,irrelevant
1969-Nixon-53,stance_1,favor
1973-Nixon-07,stance_1,neutral
1973-Nixon-08,stance_1,irrelevant
1973-Nixon-11,stance_1,favor
1973-Nixon-12,stance_1,favor
1973-Nixon-15,stance_1,irrelevant
1973-Nixon-17,stance_1,favor
1973-Nixon-41,stance_1,favor
1977-Carter-12,stance_1,irrelevant
1977-Carter-14,stance_1,irrelevant
1977-Carter-15,stance_1,irrelevant
1977-Carter-18,stance_1,neutral
1977-Carter-19,stance_1,irrelevant
1977-Carter-21,stance_1,irrelevant
1977-Carter-22,stance_1,favor
1977-Carter-24,stance_1,favor
1981-Reagan-03,stance_1,irrelevant
1981-Reagan-11,stance_1,irrelevant
1981-Reagan-15,stance_1,irrelevant
1981-Reagan-25,stance_1,favor
1981-Reagan-26,stance_1,favor
1981-Reagan-36,stance_1,irrelevant
1985-Reagan-13,stance_1,favor
1985-Reagan-20,stance_1,irrelevant
1985-Reagan-29,stance_1,oppose
1985-Reagan-30,stance_1,irrelevant
1985-Reagan-31,stance_1,favor
1985-Reagan-33,stance_1,favor
1985-Reagan-34,stance_1,irrelevant
1985-Reagan-35,stance_1,favor
1989-Bush-08,stance_1,irrelevant
1989-Bush-09,stance_1,irrelevant
1993-Clinton-05,stance_1,irrelevant
1997-Clinton-23,stance_1,irrelevant
2001-Bush-20,stance_1,irrelevant
2005-Bush-03,stance_1,favor
2005-Bush-06,stance_1,irrelevant
2005-Bush-09,stance_1,irrelevant
2005-Bush-11,stance_1,irrelevant
2005-Bush-15,stance_1,favor
2009-Obama-19,stance_1,favor
2009-Obama-23,stance_1,favor
2013-Obama-18,stance_1,favor
2017-Trump-29,stance_1,neutral
2021-Biden-46,stance_1,favor
2021-Biden-61,stance_1,irrelevant
2025-Trump-47,stance_1,irrelevant
2025-Trump-51,stance_1,irrelevant
1921-Harding-04,stance_2,neutral
1921-Harding-06,stance_2,oppose
1921-Harding-07,stance_2,favor
1921-Harding-09,stance_2,favor
1921-Harding-10,stance_2,favor
1921-Harding-13,stance_2,favor
1921-Harding-24,stance_2,favor
1921-Harding-25,stance_2,oppose
1921-Harding-27,stance_2,oppose
1921-Harding-28,stance_2,irrelevant
1921-Harding-29,stance_2,neutral
1925-Coolidge-06,stance_2,favor
1925-Coolidge-10,stance_2,favor
1929-Hoover-19,stance_2,favor
1929-Hoover-20,stance_2,favor
1929-Hoover-29,stance_2,favor
1933-Roosevelt-05,stance_2,irrelevant
1937-Roosevelt-07,stance_2,irrelevant
1937-Roosevelt-18,stance_2,neutral
1937-Roosevelt-26,stance_2,irrelevant
1937-Roosevelt-27,stance_2,irrelevant
1937-Roosevelt-31,stance_2,favor
1937-Roosevelt-33,stance_2,favor
1941-Roosevelt-12,stance_2,irrelevant
1941-Roosevelt-13,stance_2,irrelevant
1941-Roosevelt-14,stance_2,irrelevant
1941-Roosevelt-17,stance_2,favor
1941-Roosevelt-28,stance_2,irrelevant
1945-Roosevelt-05,stance_2,favor
1945-Roosevelt-06,stance_2,neutral
1945-Roosevelt-09,stance_2,irrelevant
1945-Roosevelt-10,stance_2,favor
1949-Truman-06,stance_2,neutral
1949-Truman-08,stance_2,favor
1949-Truman-10,stance_2,irrelevant
1949-Truman-11,stance_2,irrelevant
1949-Truman-12,stance_2,irrelevant
1949-Truman-14,stance_2,favor
1949-Truman-15,stance_2,favor
1949-Truman-16,stance_2,irrelevant
1949-Truman-17,stance_2,favor
1949-Truman-21,stance_2,favor
1949-Truman-22,stance_2,favor
1949-Truman-23,stance_2,favor
1949-Truman-24,stance_2,favor
1949-Truman-25,stance_2,favor
1949-Truman-26,stance_2,favor
1949-Truman-29,stance_2,favor
1949-Truman-31,stance_2,favor
1949-Truman-35,stance_2,favor
1949-Truman-37,stance_2,neutral
1949-Truman-40,stance_2,favor
1949-Truman-41,stance_2,favor
1949-Truman-42,stance_2,favor
1949-Truman-45,stance_2,favor
1949-Truman-48,stance_2,favor
1949-Truman-49,stance_2,favor
1949-Truman-50,stance_2,neutral
1949-Truman-52,stance_2,favor
1949-Truman-53,stance_2,favor
1949-Truman-54,stance_2,neutral
1949-Truman-55,stance_2,neutral
1949-Truman-56,stance_2,neutral
1949-Truman-57,stance_2,favor
1949-Truman-58,stance_2,favor
1949-Truman-62,stance_2,favor
1953-Eisenhower-04,stance_2,irrelevant
1953-Eisenhower-17,stance_2,neutral
1953-Eisenhower-20,stance_2,irrelevant
1953-Eisenhower-22,stance_2,favor
1953-Eisenhower-23,stance_2,favor
1953-Eisenhower-24,stance_2,neutral
1953-Eisenhower-25,stance_2,neutral
1953-Eisenhower-26,stance_2,irrelevant
1953-Eisenhower-27,stance_2,irrelevant
1953-Eisenhower-30,stance_2,favor
1953-Eisenhower-31,stance_2,oppose
1953-Eisenhower-32,stance_2,irrelevant
1953-Eisenhower-33,stance_2,favor
1953-Eisenhower-34,stance_2,neutral
1953-Eisenhower-35,stance_2,favor
1953-Eisenhower-36,stance_2,favor
1953-Eisenhower-37,stance_2,favor
1953-Eisenhower-38,stance_2,favor
1953-Eisenhower-40,stance_2,favor
1953-Eisenhower-41,stance_2,favor
1953-Eisenhower-42,stance_2,oppose
1953-Eisenhower-44,stance_2,irrelevant
1953-Eisenhower-45,stance_2,neutral
1953-Eisenhower-47,stance_2,neutral
1957-Eisenhower-06,stance_2,neutral
1957-Eisenhower-09,stance_2,neutral
1957-Eisenhower-10,stance_2,irrelevant
1957-Eisenhower-11,stance_2,favor
1957-Eisenhower-15,stance_2,favor
1957-Eisenhower-16,stance_2,favor
1957-Eisenhower-17,stance_2,favor
1957-Eisenhower-18,stance_2,favor
1957-Eisenhower-19,stance_2,neutral
1957-Eisenhower-20,stance_2,favor
1957-Eisenhower-21,stance_2,favor
1957-Eisenhower-23,stance_2,favor
1957-Eisenhower-24,stance_2,favor
1957-Eisenhower-25,stance_2,favor
1957-Eisenhower-26,stance_2,favor
1957-Eisenhower-27,stance_2,favor
1957-Eisenhower-28,stance_2,favor
1957-Eisenhower-32,stance_2,favor
1961-Kennedy-02,stance_2,neutral
1961-Kennedy-04,stance_2,oppose
1961-Kennedy-05,stance_2,favor
1961-Kennedy-07,stance_2,favor
1961-Kennedy-08,stance_2,favor
1961-Kennedy-10,stance_2,favor
1961-Kennedy-15,stance_2,favor
1961-Kennedy-17,stance_2,favor
1961-Kennedy-18,stance_2,favor
1961-Kennedy-21,stance_2,favor
1961-Kennedy-22,stance_2,favor
1961-Kennedy-25,stance_2,favor
1965-Johnson-13,stance_2,favor
1965-Johnson-17,stance_2,favor
1965-Johnson-25,stance_2,irrelevant
1969-Nixon-05,stance_2,favor
1969-Nixon-08,stance_2,favor
1969-Nixon-22,stance_2,favor
1969-Nixon-29,stance_2,irrelevant
1969-Nixon-39,stance_2,favor
1969-Nixon-43,stance_2,neutral
1969-Nixon-45,stance_2,favor
1969-Nixon-49,stance_2,favor
1969-Nixon-50,stance_2,neutral
1969-Nixon-51,stance_2,neutral
1969-Nixon-53,stance_2,favor
1973-Nixon-07,stance_2,favor
1973-Nixon-08,stance_2,neutral
1973-Nixon-11,stance_2,favor
1973-Nixon-12,stance_2,favor
1973-Nixon-15,stance_2,favor
1973-Nixon-17,stance_2,favor
1973-Nixon-41,stance_2,favor
1977-Carter-12,stance_2,neutral
1977-Carter-14,stance_2,neutral
1977-Carter-15,stance_2,neutral
1977-Carter-18,stance_2,neutral
1977-Carter-19,stance_2,neutral
1977-Carter-21,stance_2,neutral
1977-Carter-22,stance_2,favor
1977-Carter-24,stance_2,favor
1981-Reagan-03,stance_2,irrelevant
1981-Reagan-11,stance_2,neutral
1981-Reagan-15,stance_2,irrelevant
1981-Reagan-25,stance_2,favor
1981-Reagan-26,stance_2,favor
1981-Reagan-36,stance_2,irrelevant
1985-Reagan-13,stance_2,favor
1985-Reagan-20,stance_2,irrelevant
1985-Reagan-29,stance_2,oppose
1985-Reagan-30,stance_2,irrelevant
1985-Reagan-31,stance_2,favor
1985-Reagan-33,stance_2,favor
1985-Reagan-34,stance_2,neutral
1985-Reagan-35,stance_2,favor
1989-Bush-08,stance_2,favor
1989-Bush-09,stance_2,neutral
1993-Clinton-05,stance_2,neutral
1997-Clinton-23,stance_2,favor
2001-Bush-20,stance_2,irrelevant
2005-Bush-03,stance_2,favor
2005-Bush-06,stance_2,neutral
2005-Bush-09,stance_2,favor
2005-Bush-11,stance_2,irrelevant
2005-Bush-15,stance_2,favor
2009-Obama-19,stance_2,favor
2009-Obama-23,stance_2,favor
2013-Obama-18,stance_2,favor
2017-Trump-29,stance_2,oppose
2021-Biden-46,stance_2,favor
2021-Biden-61,stance_2,neutral
2025-Trump-47,stance_2,oppose
2025-Trump-51,stance_2,irrelevant
