Year,fit,lo,hi,df,line
1805,0.005006209987106849,3.609990047284822e-5,0.412187333349537,2,"stance: favor, of those addressing the claim"
1809,0.006617700776492193,5.950922137408016e-5,0.42716792375209417,2,"stance: favor, of those addressing the claim"
1813,0.008740058711041807,9.798006922508257e-5,0.4423891731505648,2,"stance: favor, of those addressing the claim"
1817,0.0115264630312736,1.6099966078602444e-4,0.4578290725783417,2,"stance: favor, of those addressing the claim"
1821,0.015170451594352272,2.6381504223705883e-4,0.47346505678817563,2,"stance: favor, of those addressing the claim"
1829,0.026051291222764686,7.001463288334522e-4,0.505234357877332,2,"stance: favor, of those addressing the claim"
1833,0.03394021674210774,0.0011320478542081805,0.5213231063878156,2,"stance: favor, of those addressing the claim"
1837,0.04399726288945051,0.0018190353150389455,0.5375197302964564,2,"stance: favor, of those addressing the claim"
1841,0.05669529040192369,0.002901988049323024,0.5538050116457209,2,"stance: favor, of those addressing the claim"
1845,0.07254738756587148,0.004591641501429558,0.5701619699271283,2,"stance: favor, of those addressing the claim"
1849,0.09207770299670376,0.007196895733863254,0.5865765027768288,2,"stance: favor, of those addressing the claim"
1853,0.11577601038784033,0.011159454443798565,0.6030380716228771,2,"stance: favor, of those addressing the claim"
1857,0.14403601099475313,0.017091615212500796,0.6195404166892421,2,"stance: favor, of those addressing the claim"
1869,0.2571507319537368,0.055897350428873845,0.6693078964306737,2,"stance: favor, of those addressing the claim"
1877,0.35208878337216615,0.11100586172990881,0.7028208820920457,2,"stance: favor, of those addressing the claim"
1885,0.4535297167910528,0.1974656836386209,0.7367940359399366,2,"stance: favor, of those addressing the claim"
1889,0.5035087666633228,0.25124930085628955,0.753994466690697,2,"stance: favor, of those addressing the claim"
1897,0.5964010090338158,0.3690711919503459,0.7887132238210933,2,"stance: favor, of those addressing the claim"
1901,0.6377771039277653,0.42727322463139294,0.8060340389488907,2,"stance: favor, of those addressing the claim"
1905,0.6751994785152372,0.4815867551685002,0.8230690008370689,2,"stance: favor, of those addressing the claim"
1909,0.708541910364436,0.5304459044638025,0.8395241137638123,2,"stance: favor, of those addressing the claim"
1917,0.763354859811465,0.6099521607694373,0.8693485948678622,2,"stance: favor, of those addressing the claim"
1921,0.7852840328402658,0.6412339864059167,0.882127678815187,2,"stance: favor, of those addressing the claim"
1925,0.8039578895252864,0.6677849882048902,0.8932379947371061,2,"stance: favor, of those addressing the claim"
1929,0.8196892000019124,0.6903475202892185,0.9026253746339618,2,"stance: favor, of those addressing the claim"
1933,0.8327752053141152,0.7095713416259988,0.9103198395849348,2,"stance: favor, of those addressing the claim"
1941,0.8520444452336087,0.7399353593801321,0.920986083015799,2,"stance: favor, of those addressing the claim"
1945,0.8586452397484271,0.7516993702204127,0.9241747569947548,2,"stance: favor, of those addressing the claim"
1949,0.8634289762799039,0.761379380643406,0.9260731302913172,2,"stance: favor, of those addressing the claim"
1953,0.86651384329999,0.7689607788897893,0.9267976772694825,2,"stance: favor, of those addressing the claim"
1957,0.8680542169411075,0.7743231918732557,0.9265484762098289,2,"stance: favor, of those addressing the claim"
1961,0.8681774077971175,0.7772005803142212,0.9255631714998227,2,"stance: favor, of those addressing the claim"
1965,0.8669702880178053,0.7771634054806447,0.9241174568122208,2,"stance: favor, of those addressing the claim"
1969,0.8644867353001312,0.7736254347486768,0.9225304934945492,2,"stance: favor, of those addressing the claim"
1973,0.8607538887419666,0.7658838381495408,0.9211385711701289,2,"stance: favor, of those addressing the claim"
1977,0.8557775834686808,0.7531992764558285,0.9202360872795893,2,"stance: favor, of those addressing the claim"
1981,0.8495473016799503,0.7348948257013678,0.9200119200497938,2,"stance: favor, of those addressing the claim"
1985,0.8420409357412589,0.7104400749321028,0.92052217981702,2,"stance: favor, of those addressing the claim"
1993,0.8230827275646284,0.6420594055626991,0.9234685631380848,2,"stance: favor, of those addressing the claim"
1997,0.8115733954630379,0.5983805428478897,0.9256567517564348,2,"stance: favor, of those addressing the claim"
2001,0.7986841590613885,0.5492159055113387,0.9281543491103368,2,"stance: favor, of those addressing the claim"
2005,0.7844130242302184,0.4957974899939545,0.9308585532383848,2,"stance: favor, of those addressing the claim"
2013,0.7518302766029659,0.38326860524694417,0.9365822152629152,2,"stance: favor, of those addressing the claim"
2017,0.7336442288135986,0.3282264595584632,0.9394940689384408,2,"stance: favor, of those addressing the claim"
2021,0.7143359784533906,0.27654750540888545,0.9423901795981459,2,"stance: favor, of those addressing the claim"
2025,0.694057756516329,0.2296519050079618,0.9452460350437519,2,"stance: favor, of those addressing the claim"
1789,0.00826691658739743,5.698646155660021e-4,0.10862698828319388,2,attention: share addressing the claim
1797,0.010960790047181613,9.690654539559725e-4,0.11238472589249446,2,attention: share addressing the claim
1805,0.014502250508110262,0.0016410012308685725,0.11640949427310204,2,attention: share addressing the claim
1809,0.016660794426679445,0.0021300138998299706,0.11854334689451222,2,attention: share addressing the claim
1813,0.01912012159607289,0.0027585702967938895,0.12077228303057462,2,attention: share addressing the claim
1817,0.021914816743370515,0.003563093973461915,0.12310916500268704,2,attention: share addressing the claim
1821,0.025081508535885158,0.004587918939732425,0.12556924602882674,2,attention: share addressing the claim
1829,0.032685188181299674,0.007521076135259023,0.1309360792056484,2,attention: share addressing the claim
1833,0.03720147394516034,0.00956514779791184,0.1338922967787437,2,attention: share addressing the claim
1837,0.0422467865928368,0.012100782996368397,0.13707339070882138,2,attention: share addressing the claim
1841,0.04785908122286941,0.01521796272740203,0.1405220832140683,2,attention: share addressing the claim
1845,0.05407359566387444,0.019010802669482067,0.14429282784808356,2,attention: share addressing the claim
1849,0.060921456643716794,0.023571503923217652,0.14845577114621028,2,attention: share addressing the claim
1853,0.06842815646445732,0.028981098814605127,0.15310201536059445,2,attention: share addressing the claim
1857,0.07661194778671483,0.03529642655917835,0.15835034194609118,2,attention: share addressing the claim
1861,0.08548222017181852,0.04253333237657017,0.1643551366176034,2,attention: share addressing the claim
1865,0.09503793644349132,0.05064742533935187,0.17131418118733713,2,attention: share addressing the claim
1869,0.10526621770001465,0.059516307201349025,0.17947280121346168,2,attention: share addressing the claim
1877,0.12762305009607242,0.0786072972991684,0.2005501549699822,2,attention: share addressing the claim
1881,0.13965783241674093,0.0882253430717638,0.21403528913429704,2,attention: share addressing the claim
1885,0.15217726724197272,0.0974910161589436,0.22973067433488303,2,attention: share addressing the claim
1889,0.16509943204258073,0.10619463329475039,0.24762581581161025,2,attention: share addressing the claim
1893,0.17832979210380645,0.11423788675866876,0.26751963007272145,2,attention: share addressing the claim
1897,0.1917627265253733,0.12162124556752656,0.2890448437210209,2,attention: share addressing the claim
1901,0.20528344812158356,0.1284086283027345,0.3117212593245695,2,attention: share addressing the claim
1905,0.21877021616207631,0.13469147716981314,0.3350135993452835,2,attention: share addressing the claim
1909,0.2320967212595021,0.1405638385347791,0.3583795284307374,2,attention: share addressing the claim
1913,0.24513451340186346,0.14610921529948154,0.38130424425951803,2,attention: share addressing the claim
1917,0.25775534785720583,0.15139543298200017,0.40332306315191757,2,attention: share addressing the claim
1921,0.2698333385847519,0.15647368513674104,0.4240343967485853,2,attention: share addressing the claim
1925,0.28124683266832406,0.16137921795314122,0.4431052383417448,2,attention: share addressing the claim
1929,0.291879949059825,0.1661322788380986,0.46027101217336636,2,attention: share addressing the claim
1933,0.30162375717165774,0.1707386675101231,0.4753315568113405,2,attention: share addressing the claim
1937,0.3103771023857512,0.17518958459917172,0.4881449775782698,2,attention: share addressing the claim
1941,0.3180471137696088,0.179460618389473,0.4986210105036602,2,attention: share addressing the claim
1945,0.32454945246396416,0.1835097501425445,0.5067153760042362,2,attention: share addressing the claim
1949,0.32980837645917865,0.18727425802967904,0.5124263936793878,2,attention: share addressing the claim
1953,0.33377420401394503,0.19066847161648412,0.5158308640822984,2,attention: share addressing the claim
1957,0.33647631165154507,0.1935885223414724,0.5171896310915848,2,attention: share addressing the claim
1961,0.3379707281325654,0.19591016410909406,0.5168320931782047,2,attention: share addressing the claim
1965,0.3383211091774032,0.19748903466172366,0.5151185504097278,2,attention: share addressing the claim
1969,0.33759727418386914,0.1981651571661087,0.5124378799772533,2,attention: share addressing the claim
1973,0.3358739994254936,0.1977718286104795,0.5092008307666138,2,attention: share addressing the claim
1977,0.33323000754929843,0.19615003850723875,0.505826836819182,2,attention: share addressing the claim
1981,0.32974709697699695,0.19316830974890595,0.5027237138379694,2,attention: share addressing the claim
1985,0.32550936243204615,0.18874559431196053,0.5002621277797443,2,attention: share addressing the claim
1989,0.3206024677281838,0.1828722701062048,0.49874963233692854,2,attention: share addressing the claim
1993,0.31511294296479775,0.175622938668277,0.4984107752284142,2,attention: share addressing the claim
1997,0.30912748943386004,0.1671561289621976,0.4993787151954081,2,attention: share addressing the claim
2001,0.3027322860907329,0.15770007587585608,0.5017000080430544,2,attention: share addressing the claim
2005,0.29601230076354623,0.14752833997116335,0.5053497773485909,2,attention: share addressing the claim
2009,0.28905061689685485,0.13693163774328443,0.5102518777754661,2,attention: share addressing the claim
2013,0.2819277922134254,0.12619194687515323,0.5162987976334498,2,attention: share addressing the claim
2017,0.27472126906085764,0.11556272881072563,0.5233679788904434,2,attention: share addressing the claim
2021,0.2675048573853465,0.105256569767934,0.5313334226917148,2,attention: share addressing the claim
2025,0.26034831041097806,0.09543970147517072,0.5400729483079223,2,attention: share addressing the claim
