Year,fit,lo,hi,se_ratio,stance
1861,0.429344427668239,0.03354806009263307,0.9422202012454985,0.6039792144923498,favor
1869,0.5330061595006969,0.12900965055272148,0.8979065574743454,0.6039792144923498,favor
1881,0.6905486723341251,0.22294201370111996,0.945523768922636,0.6039792144923498,favor
1889,0.7875360022339044,0.23473123599069556,0.9781627530901787,0.6039792144923498,favor
1893,0.830584929345657,0.2663363259667745,0.9851214991437248,0.6039792144923498,favor
1913,0.9661316265688089,0.7279473903753694,0.9967225395641127,0.6039792144923498,favor
1921,0.9999999800865458,NA,NA,0.6039792144923498,favor
1933,1,NA,NA,0.6039792144923498,favor
1953,1,1.0728032561952007e-228,1,0.6039792144923498,favor
1965,1,0,1,0.6039792144923498,favor
1985,1,0,1,0.6039792144923498,favor
2009,1,0,1,0.6039792144923498,favor
1861,7.884924083389779e-12,1.5775510790140239e-12,3.941046893905334e-11,1.2008191735374618,neutral
1869,7.884924083389835e-12,2.467599179789209e-12,2.5195351136967292e-11,1.2008191735374618,neutral
1881,7.884924083389918e-12,3.1902060427497556e-12,1.948840512721381e-11,1.2008191735374618,neutral
1889,7.884924083389947e-12,2.841719935357723e-12,2.187830933889689e-11,1.2008191735374618,neutral
1893,7.884924083389974e-12,2.62577782293247e-12,2.367756603669331e-11,1.2008191735374618,neutral
1913,7.884924083389974e-12,2.4859676785171437e-12,2.500918589463692e-11,1.2008191735374618,neutral
1921,7.884924083389947e-12,2.6796725096080084e-12,2.320135299267928e-11,1.2008191735374618,neutral
1933,7.884924083389947e-12,2.081653300676732e-12,2.986665828531832e-11,1.2008191735374618,neutral
1953,7.884924083389918e-12,1.4972592812975645e-12,4.15238887317153e-11,1.2008191735374618,neutral
1965,7.884924083389918e-12,1.7205263055590851e-12,3.613547063975079e-11,1.2008191735374618,neutral
1985,7.884924083389947e-12,2.4930525514174e-12,2.4938113624901536e-11,1.2008191735374618,neutral
2009,7.884924083389947e-12,1.1217302546050868e-12,5.5425114498829065e-11,1.2008191735374618,neutral
1861,0.5706555723317499,0.05777979875432097,0.9664519399074715,0.6011969994638223,oppose
1869,0.4669938404993032,0.10205049612852651,0.8710429922208409,0.6011969994638223,oppose
1881,0.3094513276659235,0.054162562930303054,0.7781140303417312,0.6011969994638223,oppose
1889,0.21246399776609556,0.021731487765580686,0.7661590956666391,0.6011969994638223,oppose
1893,0.16941507065440714,0.01485014614915012,0.7340418682912827,0.6011969994638223,oppose
1913,0.03386837343120593,0.003495304969632907,0.2594548962171932,0.6011969994638223,oppose
1921,1.9913451060236006e-8,1.246171707493817e-88,1,0.6011969994638223,oppose
1933,1.212827360303709e-94,0,1,0.6011969994638223,oppose
1953,0,0,1,0.6011969994638223,oppose
1965,0,0,2.7026507781541455e-216,0.6011969994638223,oppose
1985,0,0,0,0.6011969994638223,oppose
2009,0,0,0,0.6011969994638223,oppose
