topic,prevalence,frex,prob,n_paras,avepp
1,0.06948458363800497,"let, differences, religious, around, divide, earth, capacity, faculties, british, physical, surely, war, fathers, rest, prevail, unite, still, five, present, man","us, let, war, upon, now, people, union, years, world, shall, nations, without, country, government, still, present, time, man, yet, earth",58,0.6303387969365549
2,0.07930135191238116,"revenue, currency, army, debt, trade, navy, credit, south, naval, coast, commerce, necessary, industry, tariff, manufactures, invasion, agriculture, taxes, products, pay","great, states, revenue, war, necessary, united, country, commerce, trade, government, force, made, every, foreign, protection, time, south, citizens, state, industry",81,0.6291033621311823
3,0.07164623264794008,"discharge, gratitude, duties, station, countrymen, solemn, almighty, presence, blessed, sustain, enter, trust, generous, occasion, hopes, beloved, high, providence, devotion, arduous","shall, citizens, people, fellow, upon, duties, country, high, trust, confidence, countrymen, support, best, great, can, office, discharge, government, happiness, called",69,0.6093818799003551
4,0.08672740198010995,"union, territory, confederacy, constitution, granted, territories, general, grant, sovereignty, settled, powers, states, exercised, domestic, texas, authority, constitutional, blessings, separate, institutions","states, government, constitution, union, people, one, powers, power, shall, united, can, upon, general, citizens, rights, state, interests, institutions, country, territory",91,0.6329234099661959
5,0.09247920250937618,"women, work, families, children, health, wealth, lives, something, know, economy, society, succeed, built, forces, schools, workers, land, child, rich, cost","can, government, every, work, people, must, know, nation, men, great, good, children, life, women, country, land, better, lives, us, citizens",80,0.6468171636219874
6,0.08909391275679052,"peoples, seek, weapons, help, program, peace, nations, helped, world, threat, freedom, worlds, nuclear, strive, strong, enemies, free, price, areas, strength","world, peace, nations, can, freedom, free, people, shall, must, seek, know, new, peoples, help, strength, hope, united, make, one, strong",79,0.7107768039621348
7,0.1363171162350927,"americas, america, promise, heart, americans, journey, story, generation, let, century, dignity, together, generations, challenges, forward, voices, dreams, us, challenge, resolve","us, america, new, must, let, time, nation, one, american, world, americans, today, freedom, together, history, old, now, century, promise, people",142,0.6546298192402913
8,0.07510358435580468,"self, civilization, thought, ideals, understanding, problems, republic, economic, vision, foundations, wish, fail, lies, aided, realization, profit, mankind, life, courage, counsel","world, must, life, new, self, people, freedom, america, great, progress, republic, liberty, peace, nation, civilization, can, men, government, things, purpose",76,0.5919397732438223
9,0.0737224897837408,"relations, foreign, policy, press, rights, suffrage, friendly, respect, settlement, nations, friendship, universal, advantage, obligations, cultivate, ballot, arbitration, intercourse, controversies, ignorance","nations, rights, peace, nation, foreign, policy, justice, us, upon, can, every, government, people, states, great, law, relations, shall, respect, national",60,0.6937088046294192
10,0.10023907896666706,"business, enforce, laws, amendment, enforcement, legislation, partisan, expenditures, labor, interstate, due, money, public, session, official, combinations, taxation, reform, popular, election","government, public, upon, laws, people, shall, congress, must, business, can, law, executive, service, party, administration, duty, political, make, labor, federal",104,0.647150386175321
11,0.05833589354761678,"measures, legislature, executive, distinguished, former, conduct, heretofore, causes, enlightened, certainly, contest, occurred, department, instance, early, circumstances, formed, least, although, opinion","people, power, government, executive, great, every, constitution, spirit, country, one, can, public, upon, measures, made, duty, liberty, powers, never, first",49,0.6519176596492828
12,0.06754915166647513,"oath, president, thank, vice, day, mr, ago, going, taken, ceremony, dont, years, four, today, washington, inauguration, celebrate, chief, first, accept","president, years, people, day, oath, now, citizens, nation, us, first, today, states, united, country, power, ago, many, time, fellow, history",62,0.6417524125109494
