Year,topic,fit,lo,hi
1789,1,0.06977087080121633,0.022427990774168596,0.19691846676403243
1793,1,0.07388705538294651,0.02710945323363452,0.18595241612108152
1797,1,0.07819082329752085,0.0325743868849796,0.17606191671895968
1801,1,0.08264958747879134,0.0387968509252667,0.1674354723156789
1805,1,0.08722304470644442,0.045651970887371156,0.1602910217327761
1809,1,0.09186282730591927,0.05287410625364003,0.15489941650240294
1813,1,0.09651240132565556,0.060027806482993024,0.15159580725186284
1817,1,0.10110725541493211,0.06653836025782765,0.1507357060475282
1821,1,0.10557541640561681,0.07184765683114751,0.15253412852613438
1825,1,0.10983831646920565,0.07567087064793866,0.1568159501888702
1829,1,0.113812023604313,0.07813758488063566,0.16289590773711446
1833,1,0.11740883329138259,0.07966137064024906,0.16974395423599664
1837,1,0.12053920564116473,0.08070350937911254,0.17626777444814606
1841,1,0.12311402021809005,0.08163378827199941,0.1815057379813263
1845,1,0.12504711035675561,0.08269693671618958,0.18471801336090726
1849,1,0.1262612961576322,0.08397782668169268,0.1855229166138113
1853,1,0.12670120246932295,0.08530221539238551,0.18414711503081657
1857,1,0.1263261479809516,0.08637680368259734,0.1810898378409732
1861,1,0.12510887361246137,0.08686392273452437,0.17692985357381225
1865,1,0.12303731843853516,0.08643962273719323,0.1722092419026316
1869,1,0.1201161730370605,0.08487749651126088,0.16731013705930395
1873,1,0.11636811810893613,0.08212926968698,0.16235598966227302
1877,1,0.11183463713460157,0.07834766896226804,0.15719329864394216
1881,1,0.10657627623285926,0.07382597536795701,0.15147890881814552
1885,1,0.10067221781598244,0.06889232302899803,0.14483178447446135
1889,1,0.0942190433925204,0.06381704934509164,0.13698509452649155
1893,1,0.087328590863925,0.05875683083002601,0.1279059662566187
1897,1,0.08017779651103314,0.05373622882430493,0.11800768361558704
1901,1,0.07312838645847816,0.04872457435654109,0.10836257835349472
1905,1,0.06650303835578535,0.04374342754315815,0.09986771643406088
1909,1,0.06052829858538489,0.03892181709960116,0.09296882694789106
1913,1,0.05534955385335922,0.034474491088282946,0.08771657280348145
1917,1,0.051052105067696696,0.03062346070729423,0.08392862793384101
1921,1,0.04768463612393176,0.027533137931536906,0.08135120227894317
1925,1,0.04528296672036776,0.025300239640126083,0.07975705732510723
1929,1,0.04389378319152712,0.02398613181890597,0.07898694266693701
1933,1,0.04359988485224964,0.023664983026874944,0.07896928857354839
1937,1,0.044480269093388765,0.02440627181760421,0.07971590235943683
1941,1,0.04641468010863114,0.026094260428215416,0.08123926221531565
1945,1,0.04925494094455641,0.02857110099450431,0.08362369351584278
1949,1,0.0528508192776877,0.031630694959663135,0.08702752586151159
1953,1,0.05701377688669662,0.03497399139097893,0.09162383732769823
1957,1,0.0614872559167023,0.03822594604459231,0.09746906207431777
1961,1,0.0659267289503795,0.041024134892540795,0.10430165171204167
1965,1,0.06989546403722642,0.04311774248276892,0.11136765265902819
1969,1,0.07288284581876162,0.044394336201856614,0.11740677248358619
1973,1,0.07435042292515709,0.04483081441257643,0.12084845217708727
1977,1,0.07380627470733059,0.04442394948726424,0.12017820373003041
1981,1,0.07090100136216913,0.04313184710198815,0.11441082016160534
1985,1,0.0655292438902193,0.040815709175681135,0.1035905247726002
1989,1,0.05800706375694847,0.03719316332355802,0.08938737586443618
1993,1,0.04927388703296575,0.03196265834748215,0.07523235331860821
1997,1,0.04031182699524013,0.025209485558671633,0.06386879343331384
2001,1,0.031888197286543865,0.018003761104843845,0.055871046492009746
2005,1,0.024493250636659757,0.011768383034888424,0.05027720287574128
2009,1,0.018350266633042903,0.007183770983425337,0.04606861731454468
2013,1,0.013473200671415702,0.004169512852544718,0.042647704989475774
2017,1,0.009741844061332794,0.002334601556478659,0.03971528175410059
2021,1,0.006970898664935075,0.0012764798247023367,0.03712404179171839
2025,1,0.004960810345919188,6.889208691780459e-4,0.03479955972740703
1789,2,0.16645214223745752,0.06393098561501133,0.3686339839292107
1793,2,0.1606294664942731,0.06683838921116647,0.33831702098347427
1797,2,0.15501890213164066,0.06926300896375227,0.31142436981043264
1801,2,0.14965933434309567,0.0710153853570462,0.2883614782891423
1805,2,0.1445844956971173,0.07194524370687837,0.269283453554418
1809,2,0.1398234510421246,0.07198896867536464,0.2540772923976309
1813,2,0.1354011803549811,0.0712067496619694,0.24236653833896657
1817,2,0.13133924204815442,0.06978551645090245,0.23355427159804412
1821,2,0.1276565012030153,0.06800067273119703,0.22690580981127215
1825,2,0.12436991028793401,0.06615697809357846,0.22164789488249967
1829,2,0.12149533392176662,0.06453902012077724,0.2170533654636039
1833,2,0.11904841393437095,0.0633877397044569,0.21249589421131268
1837,2,0.11704547616708529,0.0629005128833646,0.2074792801006756
1841,2,0.11550448600699885,0.06324320225303166,0.20165538956879195
1845,2,0.1144460654705683,0.06456153584933874,0.19484619149785173
1849,2,0.11388699709336278,0.066930840309325,0.18717739381791448
1853,2,0.11381866554612503,0.07018375892632026,0.17934961985123235
1857,2,0.11423038774094561,0.07399656359090348,0.1722706031104499
1861,2,0.11511672252341401,0.0778835102677445,0.16692751195454042
1865,2,0.11647716253502982,0.08121406610357701,0.1643132560323061
1869,2,0.11831588598599127,0.08341497732386173,0.16518768160628744
1873,2,0.12064155836166719,0.08431806200318959,0.16971272814958027
1877,2,0.1234671736936428,0.08429023203978626,0.17732687168213448
1881,2,0.12680992446160652,0.08397513985318844,0.18703303753996803
1885,2,0.13069108838566834,0.083982990192903,0.19776794541439022
1889,2,0.13513591927587756,0.08476129424741094,0.20862448880687026
1893,2,0.1401735277072513,0.08657196692946928,0.21900565254924412
1897,2,0.14565543340949763,0.08928437951530291,0.22868039230101742
1901,2,0.15066507617582564,0.09187907381955483,0.23723762333334972
1905,2,0.15399632069379787,0.09314330171954725,0.24391301931986487
1909,2,0.15439629969148497,0.09208393128472571,0.2473855929477242
1913,2,0.1507118449807348,0.08814433053785742,0.2457236034212308
1917,2,0.1421029608972873,0.08127452339442598,0.23672672963731015
1921,2,0.12830006823815104,0.07184643515941719,0.2186619975768384
1925,2,0.10984868328007179,0.06050161052892088,0.19125142038062778
1929,2,0.08823247254913713,0.048015075576254854,0.15659481516929066
1933,2,0.06572597423380938,0.03523443759425934,0.11934053262986777
1937,2,0.04507695905200142,0.023246560809655925,0.08561102472697105
1941,2,0.028779323845885444,0.013557520485855486,0.060051113934885846
1945,2,0.017408050232896308,0.007034720733650097,0.04242425248279234
1949,2,0.010166606473029957,0.0033421159994348982,0.03050002622353264
1953,2,0.005844037867399366,0.0015091089913091354,0.022352333498908965
1957,2,0.003369997171297138,6.718854905749782e-4,0.016721701089526277
1961,2,0.0019863077408071718,3.051700733713685e-4,0.012809918252391774
1965,2,0.0012188691457714542,1.4599334944231438e-4,0.01009647786298388
1969,2,7.929870512023734e-4,7.58497683358124e-5,0.008234609183180289
1973,2,5.569607258941084e-4,4.408944306131555e-5,0.006994088469799117
1977,2,4.2998426842361245e-4,2.9524235968754726e-5,0.006228361352436228
1981,2,3.71494686708792e-4,2.344411378426022e-5,0.005856431318801897
1985,2,3.656928315275464e-4,2.2715061354560496e-5,0.005857005962841037
1989,2,4.15294124972697e-4,2.739061169768563e-5,0.006262251850991738
1993,2,5.389982405786015e-4,4.050906641705366e-5,0.007127979367459716
1997,2,7.876655530307187e-4,7.176031418196601e-5,0.008584369383596961
2001,2,0.001276797084660334,1.4858025042946044e-4,0.010878710419321386
2005,2,0.0022613571480001996,3.5035544674005e-4,0.014445229207451575
2009,2,0.004309117207662087,9.139029024326146e-4,0.02006448014422577
2013,2,0.008693045879825612,0.0025423312926954635,0.029287387991182932
2017,2,0.018239415906759416,0.007129584380713226,0.045861720760763176
2021,2,0.03896549058584358,0.018240437242377356,0.08128889032188695
2025,2,0.08240876590581783,0.037870607323613366,0.1700678138418737
1789,3,0.20815575049818644,0.10984484654391709,0.35897186287931987
1793,3,0.20094255794861635,0.11417994495887357,0.3291373377542735
1797,3,0.19391680683203527,0.11804726323435037,0.3018587932163555
1801,3,0.1870766559386876,0.12110789682776885,0.27762834439204503
1805,3,0.18042007938898366,0.12296904852283957,0.25685137978247874
1809,3,0.17394488388763596,0.12324354853076427,0.23979946737960545
1813,3,0.16764872521115437,0.12168434709548694,0.22649807611818226
1817,3,0.16152912390832144,0.11835395360985577,0.2165852782794588
1821,3,0.15558348020160123,0.11367829700160124,0.20928851386189995
1825,3,0.14980908808486737,0.10829015235710732,0.20361175354343236
1829,3,0.1442031486194069,0.1027956907837315,0.19859804049193322
1833,3,0.1387627824358987,0.09764042072417764,0.19349059067632193
1837,3,0.1334850414550311,0.09309305691891612,0.18777397812672394
1841,3,0.12836691984365675,0.08927889507811237,0.18116415498103258
1845,3,0.12340536422693953,0.08620961254293266,0.17360064038767628
1849,3,0.11859789940982747,0.08375448487782804,0.16532134470351564
1853,3,0.11394431735595852,0.0815645747970928,0.15698119288929072
1857,3,0.10944455355614698,0.07924055208454545,0.14929464713414994
1861,3,0.10509806209344974,0.0764402657680359,0.1428381324455472
1865,3,0.100903851272455,0.07298866118999625,0.13790718255283413
1869,3,0.09686051979289964,0.06895581495757212,0.13442714096874295
1873,3,0.0929662930738953,0.06461414074583269,0.13200348152714628
1877,3,0.08921905936821833,0.0603043251486913,0.13007868844014336
1881,3,0.085616405342033,0.056321375122705054,0.12808085298543873
1885,3,0.0821556508329978,0.052871352997120084,0.1255104726566826
1889,3,0.07883388253800323,0.05007616175230308,0.12198578400774109
1893,3,0.07564798641993453,0.04799098110514026,0.11728009663730797
1897,3,0.07259276801093387,0.046569351385156,0.11145831729385343
1901,3,0.06965582052500649,0.04555332861841426,0.10510668738679765
1905,3,0.06682421968568175,0.04463432441677382,0.09890374327101571
1909,3,0.06408647730490936,0.04352014559787466,0.0934225574174116
1913,3,0.06143244684017033,0.041996972922144375,0.08902647970913088
1917,3,0.05885324000169322,0.04001128608292364,0.08577536709865664
1921,3,0.056341152576629756,0.03769321105128981,0.08341507521708642
1925,3,0.05388959769595678,0.03528016515704125,0.08148593568410148
1929,3,0.05149304483901781,0.033008470864927156,0.07947810316983689
1933,3,0.0491469629501645,0.031050495107533247,0.0769525830545344
1937,3,0.046849820626634155,0.029478836041091,0.0736798899223323
1941,3,0.044608444616876075,0.028216329488420643,0.06983908348335419
1945,3,0.04243053491604149,0.027140673323749955,0.06575186909019107
1949,3,0.04032247734317346,0.026127627863546696,0.06174032113048173
1953,3,0.03828941691499873,0.025066984764102008,0.05807103262574116
1957,3,0.036335341827633115,0.023883752554711958,0.054913266972148905
1961,3,0.034463175107887496,0.022559013679833,0.05231284298213017
1965,3,0.03267487120111987,0.021134486601205024,0.05019369889000719
1969,3,0.03097151501894143,0.01969244721122089,0.048391892349453625
1973,3,0.02935342126189502,0.018323630459118966,0.04670663517328011
1977,3,0.027820232144504634,0.017102732799193957,0.0449467748348086
1981,3,0.026371011969220638,0.016078619747475417,0.04296417043722653
1985,3,0.02500433730998728,0.015273672097130582,0.040678200321784264
1989,3,0.02371767567707436,0.0146728049400368,0.03812242549225748
1993,3,0.02250562731760142,0.014192018674497726,0.03551385864001045
1997,3,0.0213625540769766,0.013712408355978195,0.03313731545557129
2001,3,0.020283312423351775,0.013098773165878447,0.031283582186226844
2005,3,0.019263208262794346,0.012240633888212232,0.030191557154457097
2009,3,0.01829795612537634,0.011117769041666925,0.029974761274924062
2013,3,0.017383642287234224,0.009816673788506584,0.030603170276690912
2017,3,0.01651669143327069,0.00846848079984697,0.031967101327518996
2021,3,0.01569383650213623,0.007182415548482449,0.033946722423586775
2025,3,0.014912091389365528,0.006023405161964536,0.03643689654816978
1789,4,0.021936867828770724,0.005895881135347763,0.07818814389022993
1793,4,0.02979915152574468,0.009448012658116161,0.09000380696295654
1797,4,0.040247110971316634,0.014999500760683937,0.103525674463682
1801,4,0.053847611025870115,0.023435499974903445,0.11891948186944153
1805,4,0.07110461221161418,0.03576893097248968,0.13640958979614468
1809,4,0.09233690697725488,0.05288502919061745,0.1563608342240393
1813,4,0.1175333725064377,0.07504350031806521,0.17941461522649377
1817,4,0.14622157052715887,0.1012356078077055,0.20660263229577455
1821,4,0.17739809397879697,0.12894475838641042,0.23906166723953418
1825,4,0.20956032763280413,0.1551330164882708,0.27682632559368153
1829,4,0.24084538249273996,0.17785775046568617,0.31752458451439436
1833,4,0.2692382697840501,0.19655655832948238,0.3568586324514895
1837,4,0.2927851063999763,0.21120311173983067,0.3902877731419173
1841,4,0.3097556441237635,0.22172063810883785,0.41414491141073917
1845,4,0.31873608924767466,0.22783531652364272,0.42590028693293835
1849,4,0.31889186939202535,0.22912477001075587,0.4244631248871872
1853,4,0.3106410805538302,0.22526286047960986,0.4112035983230714
1857,4,0.294969656383525,0.21604126173443566,0.38844584929124454
1861,4,0.2731657537911174,0.2015124339642449,0.3588472162204693
1865,4,0.24677346771221892,0.18223393954454284,0.32508382623758425
1869,4,0.21751407932978756,0.15947334560276225,0.2894055609914247
1873,4,0.187157273675437,0.1351405423446118,0.25333101635139427
1877,4,0.1573551054480669,0.11132682511270958,0.21775084104038456
1881,4,0.12947751723060563,0.08971364168302233,0.1833166775329731
1885,4,0.10449552271244561,0.07123840767826038,0.15075828991377427
1889,4,0.08294209642732595,0.056112946153332635,0.12095518128618103
1893,4,0.06495145326385263,0.04403058053434658,0.09482672219540697
1897,4,0.05036233724577371,0.034365623635483206,0.0732405199467091
1901,4,0.038843109984769766,0.026420607384651705,0.05676589540009283
1905,4,0.02994480536327877,0.01983011393127716,0.044981905028187
1909,4,0.02318626315424469,0.014541478590858466,0.03677849515450591
1913,4,0.018118231688287426,0.010539616233869363,0.030975726048170945
1917,4,0.01435533391695024,0.007674396115235145,0.026695889078117662
1921,4,0.011585692508412255,0.005704731247109525,0.02338669066243182
1925,4,0.009567679392324863,0.004391470586022985,0.02071810245142433
1929,4,0.008120882327001786,0.003544664692543282,0.01849540959581801
1933,4,0.007115814080348407,0.0030316370611654826,0.016610463459129417
1937,4,0.006454048697608345,0.0027590559239947647,0.015022917547772581
1941,4,0.006034480526718023,0.0026376653063055044,0.013745464849582266
1945,4,0.005782456769894293,0.0026003658408077206,0.012808495107116024
1949,4,0.005645531232819437,0.0025930649837229928,0.012247133468202134
1953,4,0.005582992582680255,0.002569625055482671,0.012087275631252468
1957,4,0.0055596388906595864,0.0024993365183895765,0.012320831990040209
1961,4,0.005542299645492671,0.0023750336006945136,0.012878800173543117
1965,4,0.005498491916229068,0.002209446173106423,0.013616888458990308
1969,4,0.005397008174184095,0.002022775614297464,0.014319105487502403
1973,4,0.0052102981707460305,0.00183264661313382,0.014721305256641051
1977,4,0.004918276507762322,0.0016504067240013253,0.014562275006232176
1981,4,0.004512734760986916,0.0014812833323607248,0.01366317158710814
1985,4,0.004001031858655899,0.0013254831414463214,0.01201233743051201
1989,4,0.0034130946256887913,0.0011787660290962505,0.009840824266621813
1993,4,0.0028078514439811445,0.0010331273975110159,0.007608008884436391
1997,4,0.0022365466613394106,8.788447906238554e-4,0.005679799128997434
2001,4,0.0017317952903523144,7.087490777891849e-4,0.004225316926376952
2005,4,0.001308802783060749,5.271939279196062e-4,0.0032454489771096802
2009,4,9.693064413014068e-4,3.556603877351477e-4,0.002638924487108497
2013,4,7.063357146118239e-4,2.1881180961710474e-4,0.0022776132696640835
2017,4,5.084874888656715e-4,1.2533338700961263e-4,0.002060560157078537
2021,4,3.630987990727439e-4,6.838108804220907e-5,0.0019255831823848841
2025,4,2.582265335097217e-4,3.623391127397325e-5,0.0018377914305287815
1789,5,0.022131501862978464,0.004869511274461983,0.094758854865074807
1793,5,0.01849835691512758,0.004855112081264555,0.06786562130517429
1797,5,0.015492666843307967,0.004787643541593764,0.048956331095012046
1801,5,0.013037069791321555,0.004652855092838253,0.035983053532824404
1805,5,0.011053104441293071,0.004437159863092052,0.027263488420681867
1809,5,0.009467295102410666,0.004135404235095913,0.021525149801263486
1813,5,0.008214623039707169,0.0037620323410022596,0.0178427369735496
1817,5,0.007240148050451255,0.0033556930728858066,0.0155509768200626
1821,5,0.006499478538348786,0.0029668757759060923,0.014178469478442514
1825,5,0.00595866966687491,0.0026374839048083397,0.013405762913146447
1829,5,0.005594016466997545,0.0023913605832884812,0.013029842896207499
1833,5,0.005392139786461347,0.002238813342897847,0.012929314040360816
1837,5,0.005350766035920308,0.0021862434374873307,0.013035998423403364
1841,5,0.005480710899464492,0.002245238988428204,0.013316390257800063
1845,5,0.005809852977518574,0.002441282215112981,0.013762376120203378
1849,5,0.006382189548495156,0.0028182109135984185,0.014388230573807136
1853,5,0.007237041789630221,0.0034246613181327617,0.01522856502370224
1857,5,0.008427110504986622,0.004325974448484633,0.01635237598920753
1861,5,0.010024281665594619,0.005598120522281634,0.017887043772441692
1865,5,0.012117351244519932,0.007295215930179567,0.02006249865659887
1869,5,0.014806729603201013,0.009390821457848673,0.02327273858181987
1873,5,0.018193799282895294,0.011742845819703413,0.028087873856975445
1877,5,0.0223626207385162,0.014182510691189074,0.03509285655086795
1881,5,0.02735254739377944,0.016657967834178455,0.044601728156224395
1885,5,0.03312257752243656,0.019240777295094352,0.05644339880442805
1889,5,0.03951215499792374,0.022047496193385193,0.06982348840193864
1893,5,0.046208004424692826,0.02519008229161547,0.08326478177759768
1897,5,0.05279899622304132,0.02874583080950949,0.09500990619715602
1901,5,0.05905995723181487,0.03271245507349743,0.10433938842700269
1905,5,0.06487851226449695,0.03699447972615913,0.1113495598825068
1909,5,0.0702101118237106,0.041392780515868546,0.11664854249053741
1913,5,0.07507734698709621,0.04561403840607114,0.12115584965208726
1917,5,0.07956435804248074,0.04934358258662892,0.12584390019441521
1921,5,0.08380925373466176,0.05239401379399182,0.1314480296195629
1925,5,0.08799719154141973,0.054852469402167536,0.13824035625675518
1929,5,0.09235630412310253,0.0571087724629386,0.14599026315569638
1933,5,0.097158227226988,0.05976698608645239,0.15410792435992898
1937,5,0.10266061047847201,0.06345837707262053,0.16189416871458762
1941,5,0.10890055845364807,0.0684459418113497,0.16892969370338118
1945,5,0.11584560813370101,0.07481771740443095,0.17511361679130877
1949,5,0.12344709816220388,0.08257153895756111,0.18057463328904202
1953,5,0.1316354704768696,0.0915783761178702,0.1856334239699266
1957,5,0.14031613051922326,0.1015220969620912,0.19078647971028187
1961,5,0.149366203402459,0.11184968206221928,0.1966798248875165
1965,5,0.15863254069667607,0.121808557895068,0.20400278072440306
1969,5,0.16793129733318882,0.13066695224620872,0.21321641280451803
1973,5,0.17704930991313497,0.13805993992200294,0.22418574331436167
1977,5,0.1857473784176896,0.14415497942344174,0.23603067807851605
1981,5,0.19376540776446874,0.14948178533331752,0.24735262823193932
1985,5,0.20082923721676887,0.15465996476685603,0.25659742554742604
1989,5,0.20671324438995917,0.16018513691152086,0.26253131906608534
1993,5,0.21141977112066054,0.1661770107077437,0.2650645043312151
1997,5,0.21503107618639622,0.17241543473670304,0.2648095427849666
2001,5,0.21765166154714624,0.17829705422403055,0.26291345135747396
2005,5,0.2194029107352711,0.18268288474299155,0.26114551042307516
2009,5,0.220418390037937,0.18398001209742765,0.2617586316927201
2013,5,0.22083986201842257,0.18104518016968202,0.26653482295146363
2017,5,0.2208140264873953,0.17422883571296036,0.27569653316117787
2021,5,0.22048998948722984,0.16490757950181814,0.28833808492020696
2025,5,0.22001745717203416,0.15444354663512375,0.30344148968080054
1789,6,1.9800522563974974e-4,1.2563939979138135e-6,0.03027252240817487
1793,6,3.1134255937158805e-4,3.5651902030928834e-6,0.026485348537498753
1797,6,4.8683737487444117e-4,9.969619521511442e-6,0.02324311628458001
1801,6,7.528547007852409e-4,2.714146974753251e-5,0.020485299118861922
1805,6,0.001145025939879813,7.100039376190888e-5,0.01817063896824444
1809,6,0.0017032937091900728,1.7583954254836093e-4,0.016283097520444115
1813,6,0.002464496763262116,4.048300848840788e-4,0.014847543119021273
1817,6,0.0034493148178304633,8.449909134638055e-4,0.01396814265540803
1821,6,0.004644291434620998,0.0015407501377616628,0.013912206584007384
1825,6,0.00598311539002549,0.0023399971253902346,0.015211686210481181
1829,6,0.007335402731241157,0.002892982046310828,0.018473155045564724
1833,6,0.008513380434303148,0.0030330717625362638,0.023660785895529664
1837,6,0.009303918952144151,0.00287478274508058,0.029683097185426555
1841,6,0.009523727708542755,0.002567434198335397,0.03467246389084144
1845,6,0.009081881030562615,0.0022010820872329314,0.036681962232686265
1849,6,0.008053233462527325,0.0018240306982761417,0.034813682976330064
1853,6,0.006726299202371625,0.0014713635022870195,0.030181815427033704
1857,6,0.005380271511682115,0.001161810780476605,0.024539387645224054
1861,6,0.0041909333336207135,9.023460667410108e-4,0.01923399792827397
1865,6,0.003232932994697135,6.935001563321364e-4,0.014932217606776826
1869,6,0.002511846112444487,5.322829170027545e-4,0.011766743112430596
1873,6,0.001999150470913902,4.137399311745263e-4,0.009601343945355749
1877,6,0.0016576906568105483,3.3207054749755446e-4,0.0082315893868744
1881,6,0.0014565107900765008,2.819569444642231e-4,0.0074872831761572285
1885,6,0.001379165679063337,2.6036780041118764e-4,0.007270465443199116
1889,6,0.00143133850167022,2.692891197355164e-4,0.007569949381561038
1893,6,0.001655792653472117,3.214079567962439e-4,0.008483111624916712
1897,6,0.0021573850801471874,4.517300052700593e-4,0.010237340431043183
1901,6,0.003118358752898149,7.341019909513994e-4,0.01314447366465033
1905,6,0.004893021518328161,0.0013385864574928018,0.0177183221618927
1909,6,0.008152974422784523,0.0026517064543231427,0.02478364326721965
1913,6,0.014103824367237802,0.005511437155727311,0.03561214111998814
1917,6,0.024743454848176003,0.011564658678977569,0.05214814222615909
1921,6,0.04295769075887272,0.02345024430483754,0.07740642486992132
1925,6,0.07196266971697593,0.04384385954068447,0.11592870194986582
1929,6,0.11351194922919429,0.07292477596810368,0.1724855928424394
1933,6,0.16516632657010605,0.10743732933742829,0.24538672291307018
1937,6,0.21954018294055147,0.1431884103748933,0.3213359205405606
1941,6,0.2694305530289176,0.1774276260789411,0.3867122019034628
1945,6,0.3098017248742979,0.20802246462483553,0.43408442052583396
1949,6,0.3380007520797761,0.23316826062689927,0.4615944144673617
1953,6,0.3533620857217357,0.2514820085497236,0.47056839553766605
1957,6,0.35650931958139176,0.26200474669962975,0.46368417408708507
1961,6,0.34881591590413075,0.26414561847059215,0.44424177690433314
1965,6,0.33210809194119295,0.257679971837847,0.4159868999418928
1969,6,0.30851510173011915,0.2429558547235664,0.38281919302782624
1973,6,0.28034882122946947,0.22135837535147052,0.34803312192532204
1977,6,0.24994225938113196,0.19558007707044256,0.3135253679567822
1981,6,0.2194447127037083,0.16898559466423022,0.2798961402748793
1985,6,0.19062457958298895,0.14440577830507345,0.24735951550830956
1989,6,0.16459052164007967,0.12321893181094636,0.2164241081249237
1993,6,0.14145364079710235,0.10498758595348763,0.18792621212499278
1997,6,0.12106904952631901,0.08882864217969756,0.16291885388042626
2001,6,0.10324687801369266,0.074046063937718,0.14219491971899575
2005,6,0.087770040404164,0.060390608705635875,0.12589930717243752
2009,6,0.07440907264877508,0.04805444858052944,0.11349420693974724
2013,6,0.06293372892430794,0.03736953508594995,0.10409506787201894
2017,6,0.05312145145597091,0.028517938362845704,0.09683554621589661
2021,6,0.044763084885136674,0.021458266288809456,0.0910238180133707
2025,6,0.037666323443066814,0.01599204306152125,0.08614445101559118
1789,7,0.00521317073678852,0.001953329818944091,0.01383781309362602
1793,7,0.0038753681220037466,0.001819863621252631,0.008233379491690404
1797,7,0.0028904407736046354,0.00163246400505075,0.005112849959573342
1801,7,0.00217114219855411,0.0013526738625255128,0.003483117482616262
1805,7,0.001648581090013141,9.982919780601653e-4,0.0027213157484655714
1809,7,0.0012701288563339763,6.797491443800318e-4,0.002372051496279488
1813,7,9.965803996567321e-4,4.543673733090085e-4,0.002184421792457855
1817,7,7.993022270555415e-4,3.094102820806448e-4,0.0020632434266251065
1821,7,6.577295219893692e-4,2.1892820462282665e-4,0.0019742906066521288
1825,7,5.573424845065146e-4,1.630096081520243e-4,0.0019037807978838587
1829,7,4.8812873130476566e-4,1.2898242823081746e-4,0.0018454574981949304
1833,7,4.434875397064267e-4,1.0938358433542498e-4,0.0017962537020593753
1837,7,4.195266426213209e-4,1.0020288329967856e-4,0.0017546767105412536
1841,7,4.1472857004365817e-4,9.988982749599107e-5,0.001720187762517949
1845,7,4.3002013771812914e-4,1.0911826346662132e-4,0.001693052535492879
1849,7,4.6863612139217244e-4,1.309912048875467e-4,0.0016751415978647547
1853,7,5.34491064691749e-4,1.7072816752784875e-4,0.0016720112345966676
1857,7,6.342285985652493e-4,2.375837388178851e-4,0.0016919493918812246
1861,7,7.783826406876607e-4,3.4638212831804483e-4,0.00174822287770418
1865,7,9.822490149558535e-4,5.1665102943362e-4,0.0018666531322480962
1869,7,0.001266974397882607,7.619690114750654e-4,0.002105973607576426
1873,7,0.00166060167954407,0.0010608037294183228,0.0025986541933506885
1877,7,0.0021985931029023863,0.0013575785984539874,0.003558756073800542
1881,7,0.0029230310045049255,0.0016423980427125418,0.005197018500645581
1885,7,0.003879332685133229,0.001956584996619909,0.007677041764945542
1889,7,0.00510908438862581,0.002351035289556096,0.011066767881572402
1893,7,0.006637825223227437,0.002883843454012536,0.015203961216462657
1897,7,0.008470101110944036,0.003629198404989922,0.019640884085012043
1901,7,0.010630804587334893,0.004672108600431383,0.024005789217652018
1905,7,0.013162106870712712,0.00611533870102277,0.028099366472809476
1909,7,0.016122260603946507,0.008076103060772428,0.03192672250066209
1913,7,0.019593677869184017,0.010661473446119143,0.03573896973382258
1917,7,0.023693405215834316,0.013915915813469652,0.040061577787582486
1921,7,0.02858705218462935,0.017760583792417673,0.04570600724813128
1925,7,0.034507840607659976,0.022027934613096843,0.05367020443434033
1929,7,0.04178324308929589,0.026696859849124756,0.06482710423726655
1933,7,0.05087266769480449,0.03215524100972245,0.07958946383316973
1937,7,0.062360887062908286,0.03918571558617797,0.097846489810408
1941,7,0.07674933758347233,0.04855018521661338,0.11927401062141153
1945,7,0.09447539609650729,0.06098147476713819,0.14355339337936665
1949,7,0.11587829929143524,0.07718083403042578,0.17039557832346724
1953,7,0.1411023724032365,0.0976581216289341,0.19959820309806084
1957,7,0.16999327685606333,0.12245862682600536,0.231119804459146
1961,7,0.20201349968404644,0.15085951563445907,0.2650977812345135
1965,7,0.23620827876119582,0.18126694479663796,0.3016664214123775
1969,7,0.27124455374296397,0.21159292629155324,0.3404511273204668
1973,7,0.3055225400720862,0.2400152818022034,0.3799697625669709
1977,7,0.33733169493192955,0.265494455334058,0.41755654255178487
1981,7,0.36500572964373285,0.28768062794609073,0.44998521912844053
1985,7,0.3870352366057052,0.3065206935520744,0.4742360152088885
1989,7,0.40236910650095825,0.3219522883433765,0.4884039106408804
1993,7,0.41117672994712806,0.33376289665854886,0.49325261860193675
1997,7,0.4140582442877663,0.34119285385940584,0.4908898813465508
2001,7,0.4117200288114713,0.34274116143035754,0.4843510081326049
2005,7,0.40493031419614056,0.3363845830774777,0.47739557740004324
2009,7,0.39449658524698467,0.32084541557853047,0.4732729733539952
2013,7,0.3812510453016568,0.29711705645691505,0.4731710598617149
2017,7,0.3660355020562612,0.2680808652329798,0.47648139580413484
2021,7,0.3496821775685719,0.23693541800896867,0.48217805764618377
2025,7,0.33299127662384975,0.20628711661133942,0.48952132391754555
1789,8,0.043425135583910764,0.011570000733422719,0.1497021532794024
1793,8,0.03372811430050416,0.01055715053327384,0.10248729693165211
1797,8,0.026217779564154133,0.009495647048270592,0.07029811352428128
1801,8,0.020470785632181774,0.008378264444890558,0.04915158150975693
1805,8,0.016112325928507865,0.00721116499799862,0.03560664843600347
1809,8,0.012828746452284016,0.006032384873061892,0.027073637332651175
1813,8,0.010368087839184496,0.004916907616428299,0.021730795959481703
1817,8,0.008534166014479974,0.003946910915015407,0.01835466396751948
1821,8,0.007178091600322404,0.0031701287088509076,0.01617107983973279
1825,8,0.00618959590126625,0.0025893825064837884,0.014721574632188204
1829,8,0.005489425925699035,0.002181040051059653,0.013747111254950069
1833,8,0.005023398854615708,0.0019159193700119385,0.013104803847364297
1837,8,0.0047583890252755655,0.0017713809384449714,0.012718095050826859
1841,8,0.004680484043569638,0.0017368253271662362,0.01255047922111803
1845,8,0.0047957700082487745,0.0018173502498644038,0.012593877531433262
1849,8,0.00512900662743921,0.0020348265271306534,0.012867565862873272
1853,8,0.00571117628620799,0.002419003282076979,0.013423583098674573
1857,8,0.00659698369967149,0.003018773964968905,0.014355442565348259
1861,8,0.007875672174605868,0.0039042842897282675,0.01582253690147748
1865,8,0.009681153123898332,0.0051586611569066024,0.018096300821673992
1869,8,0.01220707583051572,0.00685998225459842,0.021631245539280544
1873,8,0.015727232729966643,0.009068477509830024,0.02714142607893516
1877,8,0.020621032634130017,0.011857875872297264,0.03562680819341926
1881,8,0.027401967591497593,0.015398055005845766,0.04830470861027575
1885,8,0.03674339398005514,0.02003563635556105,0.06643918601901892
1889,8,0.0494899850030858,0.02635789630770094,0.09102520998378714
1893,8,0.06663525481931233,0.03528850720845722,0.12229731748242385
1897,8,0.08917197519758795,0.04814078282158185,0.15932123146867633
1901,8,0.11757437649742956,0.066192801780322,0.20028589185722825
1905,8,0.15141710929945293,0.09036622697726239,0.24270845009459238
1909,8,0.18906694823443326,0.12062196135959131,0.2838151547730538
1913,8,0.2276221321189259,0.15518711142940964,0.3210195510161016
1917,8,0.2632477218341772,0.19017256665381302,0.35219079427937755
1921,8,0.29178902938216994,0.220154678852328,0.3755084618201909
1925,8,0.30939052938401196,0.23977900493393337,0.3888737434161944
1929,8,0.31293086280111765,0.2455089711235917,0.3893143120707563
1933,8,0.300340428296785,0.2363186997878443,0.3732298685104802
1937,8,0.2717810809797954,0.21368328123484798,0.3388675423100272
1941,8,0.23201590561940663,0.1819001121072494,0.29102740200116195
1945,8,0.18741093803090664,0.14576825316563533,0.23764051746622888
1949,8,0.14397614998749256,0.10986284791492577,0.18646303480598642
1953,8,0.10608982647720992,0.07811339851151555,0.1425368489321594
1957,8,0.07585137002679707,0.05297426615182875,0.10748670198261415
1961,8,0.05334500966206999,0.034889904455487564,0.08074526991672024
1965,8,0.037447083988738195,0.022791924367329946,0.060937855590526446
1969,8,0.026628478012102694,0.015082817394129238,0.04659405558476697
1973,8,0.019460862983020095,0.010316204238245323,0.036413430094770875
1977,8,0.01482407762574406,0.007431963238744118,0.02935125088896207
1981,8,0.011931555472405092,0.005741305505984063,0.02463076293909975
1985,8,0.010283677900347591,0.004837680973500259,0.021726631340826013
1989,8,0.009582992075864835,0.004498115263314349,0.020298839417714952
1993,8,0.009611545778412596,0.004581460200757345,0.02005301723735187
1997,8,0.010291403306903165,0.005045856988712547,0.02087567270563633
2001,8,0.011666509478986705,0.0059243542364236955,0.022846314051891074
2005,8,0.013884857937565154,0.007299472829366786,0.026254270078895286
2009,8,0.01720189751874571,0.009278282872746315,0.03167589612225511
2013,8,0.02199325985520802,0.011958056768661364,0.04010814641507056
2017,8,0.02876477632373842,0.01539388209460176,0.05312282652867728
2021,8,0.038142138045523966,0.019592030545575154,0.07294899010575469
2025,8,0.05081444449036832,0.024523610548629247,0.10233385210718138
1789,9,0.2751280703459824,0.15945791361025224,0.43161878750049765
1793,9,0.24569968993276656,0.15036466797606804,0.3748144580012983
1797,9,0.21874831094753555,0.14117096215084188,0.3229269803176386
1801,9,0.19450235363016521,0.13181288843627875,0.27747760659231835
1805,9,0.17304842604677848,0.1222100594017129,0.23927045639043912
1809,9,0.15435764716974318,0.11232785727306115,0.2084212863315488
1813,9,0.13831722241981773,0.1022873774005379,0.18443092020597956
1817,9,0.12476209892647405,0.0924467249030708,0.16630359581366327
1821,9,0.11350327778490277,0.08332463563587686,0.15279024366998023
1825,9,0.1043512000048352,0.07539659516397021,0.1427090153596882
1829,9,0.09713411845798356,0.06895712684363905,0.13515333315466788
1833,9,0.09171238017667345,0.06412671761420305,0.12952237276325274
1837,9,0.08799013350535996,0.06093032570236395,0.1254619178242883
1841,9,0.08592629780631915,0.05937451753076886,0.12280165544705109
1845,9,0.08554686079914198,0.05949931035664658,0.12152406785261956
1849,9,0.08688822648137626,0.06132338977216021,0.1217285844281685
1853,9,0.0897827486468794,0.06459441448380676,0.12349641702528832
1857,9,0.09403882869405387,0.0689649745097041,0.12698550411226472
1861,9,0.09947307423875791,0.07402257750738629,0.13242259701609116
1865,9,0.10587690794974122,0.07931336497385243,0.13998440790154393
1869,9,0.11298859409430256,0.08444336753517565,0.14960648205641494
1873,9,0.12047181570102633,0.08917529001323465,0.16081276925011176
1877,9,0.12790334792733332,0.09342747350579673,0.17267803247389243
1881,9,0.1347729554202734,0.09719090332012637,0.1839267105174163
1885,9,0.1404982877422105,0.10043890752214911,0.1931052722983697
1889,9,0.14445639454069523,0.10305778827286655,0.1987990644391802
1893,9,0.14603191675589605,0.10477494069661782,0.1999068410261698
1897,9,0.14476455552938997,0.10504037469743296,0.19621789541607676
1901,9,0.14065966990878181,0.10301188152539453,0.18916495479632328
1905,9,0.13394565419665658,0.09793764464937812,0.18054279003310453
1909,9,0.1249762340338004,0.089685630954373,0.1715366749921816
1913,9,0.11420933273160126,0.07903838275040057,0.16227322566783703
1917,9,0.1021777552731405,0.067336895094629,0.15210567877480696
1921,9,0.08945212523393185,0.055846448270973625,0.14027558530581938
1925,9,0.07659853864029129,0.0454108816425588,0.12636998793936577
1929,9,0.06413555766001193,0.036431659644652684,0.11049074325898257
1933,9,0.05249651646076795,0.028981320637212486,0.09325924390304463
1937,9,0.04204429100467545,0.022926902693124813,0.07586481130930475
1941,9,0.03311491893931577,0.018040845189823747,0.060014393484781846
1945,9,0.025812362734868408,0.014103826826264616,0.046779736495349604
1949,9,0.02004248423954305,0.010938515836225593,0.03644435719531867
1953,9,0.015605201921864967,0.008414922099741784,0.028761140133205756
1957,9,0.012264976275653686,0.006439962052702346,0.023235561122093
1961,9,0.009795385935937033,0.004937500131589976,0.019339932010633623
1965,9,0.008001947860605502,0.003832776138924177,0.01663050066107785
1969,9,0.006730264174496005,0.003050533618850101,0.014782881499084998
1973,9,0.005866178322398203,0.0025224898666990694,0.013581746040073379
1977,9,0.005333015964999465,0.002195347281937755,0.012897188425968261
1981,9,0.005089522002736199,0.0020358784634812634,0.012665241898079469
1985,9,0.005131487816203563,0.002034994823070347,0.01287886782685807
1989,9,0.005489388223040871,0.002208274522674075,0.013579320966979093
1993,9,0.006204871986357762,0.0025831139173854785,0.01482916269143778
1997,9,0.0073647088590138585,0.003218026927530892,0.016764848786096333
2001,9,0.009121132374199016,0.0042092138479865645,0.019651867329520588
2005,9,0.011711982002563015,0.005683673454579833,0.02397993118801288
2009,9,0.015490510879675906,0.007770471521332714,0.030643609639372568
2013,9,0.020962749974781394,0.010548790727061521,0.04122917040663785
2017,9,0.02882555416990083,0.01401595304379676,0.058357179256198585
2021,9,0.03998896308541159,0.018124175699398,0.08592290717265486
2025,9,0.055552220606650715,0.02284083844870903,0.12892981592079017
1789,10,0.03814852586928896,0.010588574062873382,0.12815053910626958
1793,10,0.03784959704445088,0.012158291786513621,0.11169037593288769
1797,10,0.03760839980529403,0.01389181413064453,0.09779911227441715
1801,10,0.03747919641142094,0.015768505829208242,0.08645624319845367
1805,10,0.03751623425666453,0.01774264389448681,0.07758618615120962
1809,10,0.03777570507047469,0.01973520424849557,0.07111120328284179
1813,10,0.03831853399715493,0.021635755239944578,0.06698425966126895
1817,10,0.03921414495654016,0.02333287201664491,0.0651834107195605
1821,10,0.04054547344827465,0.024781905072069458,0.06566100084897372
1825,10,0.042415671762246206,0.026070231178356548,0.06829073865438995
1829,10,0.04495719380711005,0.02741608626064613,0.07288029951404827
1833,10,0.04834428501822581,0.02911338262522759,0.07924140908086916
1837,10,0.0528103706253571,0.031495959913929505,0.08724955178077315
1841,10,0.058672461455419024,0.0349547076451895,0.09686800165342596
1845,10,0.06636546869607417,0.039996662442102975,0.10815995072783884
1849,10,0.0764120416540115,0.04724950191564741,0.12128254132983445
1853,10,0.08915742699098167,0.05719876467896406,0.13638919636445065
1857,10,0.10484359707729979,0.07021861479868041,0.15371948219061302
1861,10,0.12358491956350877,0.08644206271409731,0.1736537971869478
1865,10,0.1452673976575676,0.10551640475680477,0.19670057328403273
1869,10,0.16944989901164245,0.1264612536592051,0.22331606654531863
1873,10,0.1952949020504698,0.14786283991420318,0.2534174881834193
1877,10,0.22155739476086644,0.16837459109328104,0.2857662185269809
1881,10,0.24664717060126376,0.18705951837412185,0.3177961007520976
1885,10,0.268755197585391,0.2032929162970525,0.3461387352350447
1889,10,0.28601253954640216,0.21644672181643662,0.36745166288288833
1893,10,0.2966460716071595,0.22556082041850897,0.37916552561552935
1897,10,0.2993567074446332,0.22901241801247707,0.3806406131861985
1901,10,0.29415665782155015,0.22475865141863016,0.3746276920987108
1905,10,0.2816600160744196,0.2115215953004687,0.3643098375111876
1909,10,0.26280975076070273,0.19013519789644076,0.35121580384771417
1913,10,0.23885461931244753,0.16359586656786984,0.334873177552259
1917,10,0.21130590264647722,0.13561152901864115,0.3139072071252288
1921,10,0.1818458959595055,0.10920624004480844,0.28722345080819356
1925,10,0.1521810793730397,0.0861794493310579,0.25464514562462787
1929,10,0.12386210781891058,0.06718775284639912,0.21721061949247547
1933,10,0.09811601006526108,0.052075726844283764,0.17724944737758652
1937,10,0.07577270735933934,0.040175059152153345,0.13836517067959295
1941,10,0.057284052870835815,0.030582792813110826,0.10477799783808929
1945,10,0.04260877783443614,0.02266764588929281,0.07868021302011066
1949,10,0.03134982125703864,0.016163789699081013,0.059934117489960255
1953,10,0.022941029416540856,0.011054059358798881,0.0470030996361082
1957,10,0.016787761913121056,0.007314941801894889,0.03805754367593767
1961,10,0.012350793437711952,0.004762286199830937,0.031646771861489294
1965,10,0.009183097686283294,0.003106856721325693,0.026823208291263143
1969,10,0.006935817403986479,0.0020665069645835307,0.02301408402869414
1973,10,0.0053481143850392645,0.0014234679206326219,0.019878012401045086
1977,10,0.0042310285059341,0.0010299171497827704,0.01721018595310327
1981,10,0.0034510888335621253,7.928833072402062e-4,0.014888355683654852
1985,10,0.00291632209813252,6.571047348064049e-4,0.012843217280970052
1989,10,0.0025617691111619397,5.901960058827978e-4,0.011046662580723395
1993,10,0.0023333267776780957,5.695236170706779e-4,0.009507628108583976
1997,10,0.00219484571894407,5.819019147906158e-4,0.008241755994807651
2001,10,0.00212364133074656,6.18261084971591e-4,0.00726775863392455
2005,10,0.0021050357160721424,6.677408350295963e-4,0.006615590071376357
2009,10,0.0021290665215531334,7.132499463512981e-4,0.0063374858795136706
2013,10,0.0021883644836190818,7.328371464563664e-4,0.006515942319248129
2017,10,0.002276666771347395,7.111854861456943e-4,0.007263082773068606
2021,10,0.002387686996725134,6.508025417424728e-4,0.008719583503116954
2025,10,0.0025142158831053,5.675622948910513e-4,0.01106368824777963
1789,11,0.20778965537725283,0.08651554671565997,0.4207588381843928
1793,11,0.21501432966212888,0.10478433207354897,0.390607063366197
1797,11,0.22208825379554065,0.1250185771757552,0.363238353188494
1801,11,0.22864990589418452,0.14569432443083472,0.3400385760009424
1805,11,0.2343132384775633,0.1639227817276111,0.3232440470057395
1809,11,0.2386768145754468,0.17547960126387427,0.3159134773959292
1813,11,0.24133627211996753,0.17728529239432295,0.3195402411916344
1817,11,0.24189997719166031,0.17074467851608624,0.33087654334594885
1821,11,0.24000796546778513,0.15968810679980794,0.34418010124409604
1825,11,0.2353545515382456,0.1469770745277975,0.3547719796333944
1829,11,0.22771509607248114,0.134090581305286,0.35956520740826475
1833,11,0.21697704132639756,0.1216940861742468,0.35657602871211247
1837,11,0.20317407906530466,0.11003673736225819,0.34461832211156024
1841,11,0.18651991323689052,0.09914088688902203,0.32327536969540205
1845,11,0.16743461761403952,0.08887811333695535,0.2930893261176681
1849,11,0.14669075119664216,0.07899558654983453,0.25625638400619605
1853,11,0.1256671252147235,0.06921456693876449,0.21740866572842277
1857,11,0.1056168023526737,0.059360684658116586,0.18098235994536482
1861,11,0.08741754901045687,0.04949121514436026,0.14982649204186188
1865,11,0.07156252006499562,0.03998407916203234,0.12483772578298724
1869,11,0.05821276526572545,0.031423944635594454,0.10535488624741442
1873,11,0.04728502372575531,0.02429285401079191,0.09003037882239089
1877,11,0.038546377332170645,0.018754119693340884,0.07757514830880559
1881,11,0.0316955212868081,0.0146856299333759,0.06706638457452706
1885,11,0.02642167854372413,0.011831174510522853,0.05795035462087622
1889,11,0.02244116947520169,0.009923091998910855,0.04995415764515187
1893,11,0.01951651017387966,0.008738277555557035,0.0430122948092211
1897,11,0.01742747814809169,0.008070133982930187,0.03722749095888667
1901,11,0.01588684551870657,0.007636658486730469,0.032755839255193396
1905,11,0.014667114793467016,0.007194944690590945,0.02966747175991843
1909,11,0.013603801369951062,0.006597110997531744,0.027843610312151153
1913,11,0.012573914238939483,0.005832557065180928,0.026896234864155957
1917,11,0.011488051640570684,0.004993304515903042,0.026207952122009614
1921,11,0.010290677180669313,0.004182424130530757,0.02509496620032093
1925,11,0.008964014699628998,0.003460884305677402,0.023015541394549994
1929,11,0.0075308453159278945,0.00284551669037288,0.01977785716778493
1933,11,0.00605163275135661,0.002322962271095494,0.015671315059175187
1937,11,0.004627017577441524,0.0018599470054721382,0.011463421430708524
1941,11,0.0033894196709501625,0.0014196898987708095,0.008069939193373586
1945,11,0.002402677467731376,9.936340991481471e-4,0.005798246770270242
1949,11,0.0016649089590055899,6.215549102044151e-4,0.0044518554151135176
1953,11,0.001139211820146695,3.5175793666537635e-4,0.0036829844452365007
1957,11,7.775642362842398e-4,1.8719022846078068e-4,0.003223898351238679
1961,11,5.347901378002218e-4,9.764178913849463e-5,0.002923356790507918
1965,11,3.744031696256661e-4,5.1762419530534014e-5,0.0027026630684701073
1969,11,2.6952196245158593e-4,2.8777933136094628e-5,0.0025191551905207298
1973,11,2.0152699203478493e-4,1.7263260857246052e-5,0.002347957722531787
1977,11,1.5810291016734798e-4,1.1476275561201248e-5,0.0021740319163139495
1981,11,1.3146049874453175e-4,8.674067953722133e-6,0.00198890265284625
1985,11,1.1702516230966275e-4,7.641463466525425e-6,0.001789379606705284
1989,11,1.1232441851570713e-4,7.981687115323923e-6,0.0015785620546533864
1993,11,1.156847497409016e-4,9.769733105130862e-6,0.001368267875124469
1997,11,1.2684810803334647e-4,1.3733741046446333e-5,0.001170508876959019
2001,11,1.4692516151937175e-4,2.167514981149318e-5,9.952129728309656e-4
2005,11,1.7836532447843267e-4,3.733272105900632e-5,8.517259510260796e-4
2009,11,2.2517690168051262e-4,6.71835238722923e-5,7.544380028337617e-4
2013,11,2.933139069293141e-4,1.1579758967226729e-4,7.427584606418895e-4
2017,11,3.9113985637587943e-4,1.6255716812119106e-4,9.408457454570723e-4
2021,11,5.298050268138565e-4,1.7169309004658046e-4,0.0016336349136038104
2025,11,7.232316727794116e-4,1.534588212021131e-4,0.0034013012530567824
1789,12,0.0014179192000382508,4.296909055581021e-5,0.04481743454965721
1793,12,0.001633779462501061,7.133596729230914e-5,0.03617959397688043
1797,12,0.001882769216164541,1.1782755823741778e-4,0.029309853003445678
1801,12,0.0021703820711331135,1.929413390951422e-4,0.02392939664053965
1805,12,0.0025031336387606384,3.12011328808985e-4,0.019777159766534404
1809,12,0.0028887726710731176,4.961395895175602e-4,0.01662792229680724
1813,12,0.003336539519320437,7.718105189416426e-4,0.014301888312322668
1817,12,0.003857483209845987,0.0011671276867921377,0.012670729020352175
1821,12,0.004464851241720072,0.0017012869091228384,0.011665084279962596
1825,12,0.005174569711052766,0.0023644974732338,0.011286472945431296
1829,12,0.006005835716275843,0.0030972859537156177,0.01161388016435417
1833,12,0.0069818493712960426,0.0038086571220989746,0.012764918398666553
1837,12,0.008130719333517764,0.004456395819457267,0.014789537855959664
1841,12,0.009486583713318559,0.005095255566955096,0.017595628270907118
1845,12,0.011090997686433736,0.005837646270738815,0.020972159333664003
1849,12,0.012990172429041357,0.006805576747771116,0.024655524326598913
1853,12,0.015217565031099311,0.008085884380043627,0.02845885905633225
1857,12,0.017795765414774425,0.009740161159076836,0.03229647231183636
1861,12,0.02073434118198781,0.011796705685275148,0.03619544809459264
1865,12,0.02402343384922302,0.0142177883158498,0.040315210656121876
1869,12,0.027626892006091773,0.016865185680628128,0.04494175103488422
1873,12,0.03147579217388299,0.019506320880894195,0.05041234194568168
1877,12,0.03546352723206788,0.021900531769335235,0.056937128149396436
1881,12,0.039443857769498346,0.02391776366696396,0.06438383156011195
1885,12,0.04323331983070511,0.025579107706021585,0.07216968984083258
1889,12,0.0466190855304189,0.027005109999316507,0.07931751229080733
1893,12,0.04937276264040717,0.02834620901743233,0.08463771485649127
1897,12,0.05131504002968027,0.029718689775479677,0.08719495395653411
1901,12,0.052481780301942546,0.031121542235137085,0.08718338082243571
1905,12,0.05300435990394007,0.032464658983251564,0.08539218554461792
1909,12,0.05304810701308196,0.03359522500295284,0.08279985506728076
1913,12,0.052794850038457325,0.03433195584695811,0.08036038445832247
1917,12,0.052430355486303586,0.03454921171752448,0.07881053682639584
1921,12,0.05213761526959936,0.03429063936786857,0.07851803895828072
1925,12,0.0520961776839812,0.033811088340883796,0.07945666080785199
1929,12,0.05248741974099971,0.03349589408161032,0.08134055832152909
1933,12,0.053505843141519516,0.03375712494192171,0.08380595292940002
1937,12,0.05532962333533629,0.03493759890890715,0.08655635028633692
1941,12,0.05798659362628856,0.03711303194486953,0.08950878473996475
1945,12,0.061479384660466756,0.040268931834612394,0.09278176032812989
1949,12,0.06582265884845896,0.04434555470327014,0.09664943055667277
1953,12,0.07103527367732021,0.04919825050053004,0.10152982684732963
1957,12,0.07713200764113627,0.054569246713172904,0.10795851945312034
1961,12,0.08411453388391044,0.0601272444507275,0.11648533963826456
1965,12,0.0919616250993075,0.06560318888030198,0.1274658125361104
1969,12,0.10061891076173224,0.07093357078207302,0.1408440951637182
1973,12,0.10998886530892313,0.07628156673053896,0.15607411382668843
1977,12,0.11992203204189594,0.08195112938659811,0.17218647501035017
1981,12,0.13021070576767996,0.08829766503104207,0.18791821810260986
1985,12,0.1405863273629882,0.0956726832654204,0.2018778656078129
1989,12,0.15077514919239654,0.10432869192935797,0.21298231235239876
1993,12,0.16068867403383721,0.11417374950093402,0.2214172396790927
1997,12,0.17030811770154872,0.12465615588306468,0.22831807568080012
2001,12,0.17963654723773637,0.13453632053235004,0.23573748645422055
2005,12,0.18869780298508418,0.14185842137143967,0.24655925455090694
2009,12,0.1975351058144016,0.1448482290131736,0.26348151648804785
2013,12,0.20620955176808992,0.1432396218793314,0.2875703059965916
2017,12,0.2147986566689557,0.13814707225772438,0.3182746122242754
2021,12,0.22339507262546382,0.13098018527242075,0.35442148621534564
2025,12,0.23210555993064477,0.12287801369684877,0.39473157915783036
