topic,label,description,proposition,prevalence,avepp
1,World Peace,These paragraphs are about promoting peace and freedom in the world among nations.,Nations should prioritize cooperation over competition to achieve global stability.,0.10619705713805325,0.5254627969276676
2,Government Opinion,These paragraphs discuss the role of government and public opinion in relation to the country's institutions and virtue.,NA,0.05327780045730725,0.5229479093714006
3,Government Revenue,"These paragraphs are about the relationship between government revenue, business, and taxation, including the impact of tariff revisions and expenditures on the economy.",NA,0.07970685602290939,0.6085608319445835
4,National Unity,"These paragraphs are about the country and its people, including families and children, and what they can and must do to succeed and be treated equally under the law.",NA,0.09251335275958376,0.5236623607611857
5,Government Order,These paragraphs are about the importance of effective government and political parties at home in order to achieve continued success abroad and domestically.,NA,0.06167148421342335,0.5122739350527837
6,National Faith,"These paragraphs are about a nation seeking blessings and guidance from God while striving for unity, strength, and liberty.",NA,0.0958269592217676,0.5463699056707569
7,Presidential Address,These paragraphs are about a president assuming office and discussing their duties and trust with the citizens.,NA,0.07747988247848923,0.6329341329207356
8,US Unity,These paragraphs are about Americans acting together to meet challenges and fulfill America's promise.,NA,0.14531330587809707,0.5043267869212128
9,Foreign Policy,These paragraphs are about the conduct of foreign policy and relations with other nations.,NA,0.06875987901081454,0.5930551482247556
10,Government Powers,"These paragraphs are about the distribution of powers between the United States government and the states, as defined by the Constitution.",NA,0.06969814098864698,0.5403099773441957
11,New Century,"The paragraphs describe changes in the world over the last few centuries, including advancements in communication and commerce, and the impact of these changes on the nation and the world.",NA,0.09453821850953556,0.483986149788568
12,National Problems,"These paragraphs discuss the great aspects of life, wealth, and industry, as well as the problems and waste that have come with them.",NA,0.055017063321372,0.5091511267781763
